IdNum,WorkHrs,Occup'n,Age,Educ Yrs,Sex,MemUnion,WrkYears,EmpYears,NumPromo,FutPromo,SexPromo,AwareI4.0
1,50,1.Manag,35,20,Male,No Union,14,3,0,1.V Likely,1.Better,Yes
2,30,7.Laborer,64,14,Female,No Union,25,11,0,5.V Unlikely,3.No Effect,No
3,40,1.Manag,33,15,Male,No Union,12,9,2,5.V Unlikely,1.Better,Yes
4,45,3.Tech/Sales,23,14,Male,Yes Union,3,1.5,0,1.V Likely,3.No Effect,Yes
5,50,4.Admin,33,12,Female,No Union,15,4,3,1.V Likely,3.No Effect,Yes
6,56,3.Tech/Sales,60,14,Male,No Union,40,20,0,3.Not sure,3.No Effect,No
7,40,5.Service,37,14,Female,No Union,10,1.5,0,2.Likely,3.No Effect,Yes
8,40,6.Prod'n,25,13,Female,No Union,10,1.5,0,5.V Unlikely,3.No Effect,Yes
9,50,2.Prof'nal,39,18,Male,No Union,15,5,0,4.Unlikely,1.Better,Yes
10,30,1.Manag,35,16,Male,No Union,15,3,2,3.Not sure,3.No Effect,Yes
11,32,2.Prof'nal,35,12,Female,No Union,13,1.5,0,2.Likely,2.Worse,Yes
12,55,6.Prod'n,49,13,Male,Yes Union,30,5,0,5.V Unlikely,1.Better,Yes
13,45,3.Tech/Sales,34,12,Female,No Union,12,6,1,1.V Likely,3.No Effect,Yes
14,40,4.Admin,50,14,Female,No Union,20,10,0,1.V Likely,3.No Effect,No
15,40,7.Laborer,49,4,Male,Yes Union,31,22.08,0,4.Unlikely,3.No Effect,Yes
16,40,5.Service,39,16,Male,No Union,23,0.5,0,1.V Likely,3.No Effect,Yes
17,45,3.Tech/Sales,61,12,Female,No Union,20,0.75,0,5.V Unlikely,3.No Effect,No
18,40,1.Manag,59,16,Male,No Union,43,1.5,1,2.Likely,3.No Effect,Yes
19,40,4.Admin,25,16,Male,No Union,7,1,1,1.V Likely,1.Better,Yes
20,50,7.Laborer,20,11,Male,No Union,3,1,3,1.V Likely,1.Better,Yes
21,64,3.Tech/Sales,37,13,Female,No Union,20,3,0,4.Unlikely,2.Worse,Yes
22,49,4.Admin,24,12,Female,No Union,7,5,1,1.V Likely,2.Worse,Yes
23,30,6.Prod'n,33,10,Male,No Union,17,5,0,2.Likely,1.Better,Yes
24,55,3.Tech/Sales,30,16,Male,No Union,14,5,1,2.Likely,1.Better,Yes
25,50,5.Service,43,13,Male,No Union,27,12,2,1.V Likely,3.No Effect,No
26,40,4.Admin,56,16,Female,No Union,36,30,3,1.V Likely,1.Better,Yes
27,40,6.Prod'n,35,15,Male,No Union,18,0.5,0,2.Likely,1.Better,Yes
28,40,4.Admin,35,16,Male,No Union,15,0.75,2,1.V Likely,1.Better,Yes
29,40,2.Prof'nal,42,16,Female,No Union,25,5.5,0,5.V Unlikely,3.No Effect,Yes
30,48,1.Manag,34,12,Female,No Union,18,3,0,4.Unlikely,3.No Effect,Yes
31,42,4.Admin,50,14,Female,No Union,33,3.5,1,2.Likely,1.Better,Yes
32,50,3.Tech/Sales,34,12,Female,No Union,15,8,2,2.Likely,2.Worse,No
33,45,5.Service,41,13,Male,No Union,24,2,0,5.V Unlikely,1.Better,No
34,40,2.Prof'nal,44,16,Female,No Union,9,5.5,0,5.V Unlikely,3.No Effect,No
35,55,3.Tech/Sales,27,17,Female,No Union,11,7,0,2.Likely,1.Better,Yes
36,40,6.Prod'n,40,13,Male,No Union,23,10,1,1.V Likely,3.No Effect,No
37,32,2.Prof'nal,33,16,Female,Yes Union,12,2.58,0,4.Unlikely,2.Worse,No
38,50,1.Manag,38,19,Male,No Union,19,15,4,1.V Likely,1.Better,No
39,89,3.Tech/Sales,41,15,Male,Yes Union,23,1,0,4.Unlikely,3.No Effect,No
40,40,4.Admin,32,12,Male,No Union,16,0.16,0,2.Likely,3.No Effect,No
41,48,1.Manag,58,14,Male,No Union,42,36,4,5.V Unlikely,1.Better,Yes
42,40,2.Prof'nal,28,16,Female,No Union,7,12.33,1,1.V Likely,2.Worse,Yes
43,45,7.Laborer,18,12,Male,No Union,1,1,0,2.Likely,1.Better,Yes
44,40,2.Prof'nal,33,16,Female,No Union,14,3,0,5.V Unlikely,2.Worse,No
45,42,3.Tech/Sales,34,9,Female,No Union,18,1.5,1,2.Likely,3.No Effect,No
46,42,1.Manag,48,17,Female,No Union,22,6,2,4.Unlikely,2.Worse,Yes
47,40,5.Service,21,14,Female,No Union,3,0.66,0,3.Not sure,3.No Effect,No
48,45,1.Manag,26,16,Female,No Union,13,3.5,1,3.Not sure,3.No Effect,Yes
49,40,1.Manag,39,18,Male,No Union,23,3,0,5.V Unlikely,3.No Effect,No
50,45,1.Manag,29,17,Female,No Union,20,16,0,1.V Likely,1.Better,Yes
51,40,2.Prof'nal,31,18,Male,No Union,9,4,0,2.Likely,3.No Effect,Yes
52,45,2.Prof'nal,33,19,Male,No Union,7,4,1,1.V Likely,1.Better,No
53,32,1.Manag,36,18,Male,Yes Union,16,4.08,1,4.Unlikely,2.Worse,No
54,62,5.Service,28,12,Male,No Union,12,5,3,1.V Likely,3.No Effect,Yes
55,40,2.Prof'nal,40,17,Female,Yes Union,23,4.5,0,5.V Unlikely,2.Worse,No
56,40,1.Manag,25,16,Male,No Union,2,2,0,1.V Likely,1.Better,Yes
57,45,3.Tech/Sales,39,16,Female,No Union,14,2,1,1.V Likely,3.No Effect,No
58,40,4.Admin,27,12,Male,No Union,10,5,0,4.Unlikely,1.Better,Yes
59,43,1.Manag,40,17,Male,No Union,18,11.83,4,1.V Likely,3.No Effect,No
60,40,5.Service,27,9,Female,No Union,4,4,0,5.V Unlikely,3.No Effect,Yes
61,50,1.Manag,53,16,Male,No Union,36,10,0,2.Likely,1.Better,Yes
62,46,1.Manag,39,13,Female,No Union,23,1,0,5.V Unlikely,3.No Effect,No
63,72,6.Prod'n,47,14,Male,No Union,27,5,0,5.V Unlikely,1.Better,Yes
64,42,1.Manag,27,11,Female,No Union,5,2,2,5.V Unlikely,3.No Effect,Yes
65,40,6.Prod'n,40,10,Female,No Union,13,4,0,5.V Unlikely,3.No Effect,No
66,30,7.Laborer,27,12,Male,No Union,27,0.5,0,1.V Likely,3.No Effect,Yes
67,50,1.Manag,35,15,Male,No Union,18,10,0,5.V Unlikely,1.Better,Yes
68,50,3.Tech/Sales,25,16,Male,No Union,8,2.5,0,5.V Unlikely,1.Better,Yes
69,35,7.Laborer,53,9,Male,No Union,34,5,0,1.V Likely,3.No Effect,Yes
70,40,2.Prof'nal,35,16,Male,No Union,13,6.41,3,1.V Likely,1.Better,Yes
71,48,7.Laborer,43,12,Male,No Union,26,11,2,1.V Likely,1.Better,Yes
72,40,2.Prof'nal,33,14,Female,Yes Union,12,2,1,2.Likely,3.No Effect,Yes
73,40,6.Prod'n,48,12,Male,Yes Union,32,21,4,5.V Unlikely,2.Worse,Yes
74,55,1.Manag,29,16,Male,No Union,11,1,1,1.V Likely,1.Better,No
75,40,4.Admin,26,13,Female,No Union,10,4,5,4.Unlikely,2.Worse,Yes
76,40,1.Manag,23,16,Female,No Union,6,0.75,0,1.V Likely,1.Better,No
77,48,4.Admin,30,14,Female,No Union,4,1,1,1.V Likely,3.No Effect,Yes
78,40,4.Admin,53,12,Female,No Union,15,12.5,1,1.V Likely,3.No Effect,Yes
79,40,6.Prod'n,53,12,Male,Yes Union,30,0.08,0,2.Likely,3.No Effect,No
80,48,7.Laborer,43,14,Male,No Union,37,2,0,4.Unlikely,3.No Effect,Yes
81,40,6.Prod'n,30,13,Male,No Union,11,10,2,2.Likely,3.No Effect,No
82,40,4.Admin,27,14,Male,No Union,17,0.5,0,2.Likely,3.No Effect,Yes
83,35,2.Prof'nal,59,15,Male,No Union,42,6,0,5.V Unlikely,3.No Effect,No
84,40,2.Prof'nal,36,16,Female,No Union,19,12.5,1,4.Unlikely,3.No Effect,Yes
85,40,2.Prof'nal,52,16,Male,Yes Union,30,21,1,4.Unlikely,3.No Effect,Yes
86,50,6.Prod'n,40,14,Male,No Union,24,1.5,1,5.V Unlikely,3.No Effect,No
87,59,7.Laborer,29,17,Male,No Union,8,2.83,0,5.V Unlikely,3.No Effect,No
88,55,3.Tech/Sales,40,14,Male,No Union,23,4.33,0,1.V Likely,1.Better,Yes
89,45,1.Manag,36,12,Female,No Union,20,10,1,2.Likely,2.Worse,Yes
90,45,2.Prof'nal,38,20,Male,No Union,21,4,2,1.V Likely,1.Better,Yes
91,43,1.Manag,64,13,Female,No Union,21,7,1,5.V Unlikely,3.No Effect,No
92,55,1.Manag,43,16,Female,No Union,25,18,2,5.V Unlikely,3.No Effect,Yes
93,46,1.Manag,28,16,Female,Yes Union,12,0.16,0,2.Likely,2.Worse,Yes
94,40,4.Admin,52,14,Female,No Union,20,3,1,2.Likely,1.Better,Yes
95,48,3.Tech/Sales,48,12,Female,No Union,15,1.66,0,5.V Unlikely,1.Better,Yes
96,53,3.Tech/Sales,52,12,Male,No Union,35,0.08,0,5.V Unlikely,1.Better,Yes
97,40,4.Admin,43,12,Female,No Union,27,9.41,1,4.Unlikely,3.No Effect,Yes
98,36,4.Admin,39,13,Female,No Union,21,16,0,5.V Unlikely,2.Worse,Yes
99,50,6.Prod'n,29,15,Male,Yes Union,8,1,0,4.Unlikely,3.No Effect,Yes
100,48,5.Service,34,14,Male,No Union,17,10,2,1.V Likely,3.No Effect,Yes
101,50,5.Service,25,14,Male,Yes Union,8,3,0,1.V Likely,3.No Effect,Yes
102,42,6.Prod'n,32,12,Male,No Union,14,1,0,4.Unlikely,1.Better,Yes
103,40,7.Laborer,49,12,Female,No Union,20,4,0,3.Not sure,3.No Effect,Yes
104,45,4.Admin,40,12,Female,No Union,20,0.5,0,1.V Likely,3.No Effect,Yes
105,32,2.Prof'nal,39,18,Male,Yes Union,18,2,0,2.Likely,3.No Effect,Yes
106,45,3.Tech/Sales,32,16,Male,No Union,15,3,3,2.Likely,1.Better,Yes
107,40,6.Prod'n,25,10,Male,Yes Union,8,2,3,1.V Likely,1.Better,Yes
108,36,4.Admin,42,16,Female,Yes Union,25,12,1,1.V Likely,1.Better,Yes
109,40,4.Admin,37,13,Male,Yes Union,18,16,0,2.Likely,1.Better,No
110,50,4.Admin,28,12,Female,Yes Union,8,3,0,2.Likely,1.Better,Yes
111,60,3.Tech/Sales,23,16,Male,No Union,6,1,1,1.V Likely,3.No Effect,No
112,40,4.Admin,37,12,Female,No Union,20,10,0,5.V Unlikely,3.No Effect,Yes
113,43,4.Admin,35,12,Female,No Union,9,1.5,1,1.V Likely,2.Worse,Yes
114,35,4.Admin,63,12,Female,Yes Union,45,22,1,5.V Unlikely,3.No Effect,No
115,41,4.Admin,29,13,Male,No Union,10,3,2,2.Likely,3.No Effect,No
116,50,7.Laborer,33,14,Male,No Union,16,1,0,1.V Likely,1.Better,Yes
117,44,6.Prod'n,26,12,Male,Yes Union,10,2.5,0,4.Unlikely,3.No Effect,Yes
118,40,2.Prof'nal,50,20,Female,No Union,34,8,0,5.V Unlikely,2.Worse,Yes
119,40,5.Service,49,15,Female,No Union,25,3.41,0,5.V Unlikely,3.No Effect,Yes
120,35,2.Prof'nal,44,17,Male,No Union,27,22,0,5.V Unlikely,3.No Effect,No
121,31,5.Service,25,15,Male,No Union,7,1,1,1.V Likely,1.Better,Yes
122,40,1.Manag,44,16,Female,No Union,14,5,3,2.Likely,2.Worse,No
123,37,4.Admin,42,14,Female,No Union,24,2,0,2.Likely,2.Worse,Yes
124,60,1.Manag,36,12,Female,No Union,17,9.5,1,4.Unlikely,2.Worse,Yes
125,40,5.Service,41,12,Male,No Union,24,10.5,1,1.V Likely,1.Better,No
126,40,5.Service,26,12,Male,No Union,8,1,0,1.V Likely,3.No Effect,No
127,40,4.Admin,42,12,Female,No Union,15,7.08,0,1.V Likely,3.No Effect,Yes
128,65,7.Laborer,27,14,Male,Yes Union,10,2,0,2.Likely,1.Better,Yes
129,40,7.Laborer,48,12,Female,No Union,20,9,0,2.Likely,2.Worse,No
130,40,5.Service,65,12,Male,Yes Union,49,12.41,2,1.V Likely,1.Better,No
131,40,3.Tech/Sales,33,14,Female,No Union,15,3.75,0,2.Likely,3.No Effect,Yes
132,40,6.Prod'n,44,8,Male,No Union,27,11,1,5.V Unlikely,1.Better,No
133,55,2.Prof'nal,48,19,Male,No Union,28,5.66,0,4.Unlikely,2.Worse,No
134,50,4.Admin,37,16,Male,No Union,20,8.5,2,2.Likely,3.No Effect,Yes
135,70,3.Tech/Sales,52,16,Male,No Union,36,1,0,5.V Unlikely,3.No Effect,Yes
136,60,3.Tech/Sales,38,16,Male,No Union,20,2.66,0,5.V Unlikely,3.No Effect,Yes
137,40,4.Admin,35,12,Female,No Union,10,2.5,3,1.V Likely,3.No Effect,Yes
138,43,1.Manag,34,16,Male,No Union,12,5.5,1,4.Unlikely,1.Better,Yes
139,52,6.Prod'n,34,12,Male,No Union,16,13,2,5.V Unlikely,1.Better,Yes
140,40,4.Admin,27,16,Female,No Union,10,5,4,1.V Likely,3.No Effect,No
141,46,7.Laborer,23,12,Male,Yes Union,6,1.41,0,2.Likely,1.Better,No
142,50,1.Manag,62,11,Male,No Union,45,52.25,4,4.Unlikely,3.No Effect,No
143,76,5.Service,41,13,Male,Yes Union,24,27.16,4,1.V Likely,3.No Effect,No
144,38,7.Laborer,26,15,Male,No Union,9,0.5,1,1.V Likely,3.No Effect,No
145,42,3.Tech/Sales,36,18,Female,No Union,19,1,0,1.V Likely,3.No Effect,Yes
146,56,3.Tech/Sales,37,16,Male,No Union,19,19,4,1.V Likely,1.Better,Yes
147,40,1.Manag,39,12,Female,No Union,20,10,0,4.Unlikely,2.Worse,Yes
148,40,6.Prod'n,33,11,Male,No Union,15,1,2,4.Unlikely,1.Better,Yes
149,55,3.Tech/Sales,61,10,Female,No Union,30,13,3,4.Unlikely,3.No Effect,No
150,54,3.Tech/Sales,20,10,Male,No Union,3,3,0,2.Likely,1.Better,No
151,60,6.Prod'n,31,12,Male,No Union,14,12.5,3,4.Unlikely,1.Better,Yes
152,50,2.Prof'nal,28,17,Male,No Union,6,4.58,2,1.V Likely,3.No Effect,No
153,47,3.Tech/Sales,22,14,Male,Yes Union,9,1,0,3.Not sure,3.No Effect,No
154,48,3.Tech/Sales,36,17,Male,No Union,15,7,3,2.Likely,1.Better,Yes
155,45,3.Tech/Sales,48,16,Female,No Union,26,4,0,1.V Likely,2.Worse,No
156,41,2.Prof'nal,47,19,Female,No Union,15,1,0,5.V Unlikely,3.No Effect,No
157,67,6.Prod'n,51,12,Male,Yes Union,33,32.33,0,5.V Unlikely,1.Better,Yes
158,44,7.Laborer,48,12,Male,Yes Union,31,24.75,2,2.Likely,2.Worse,No
159,37,7.Laborer,30,14,Female,Yes Union,10,4,0,5.V Unlikely,3.No Effect,Yes
160,40,5.Service,40,10,Female,Yes Union,20,17,0,5.V Unlikely,3.No Effect,Yes
161,42,4.Admin,29,15,Female,No Union,13,4.33,0,2.Likely,3.No Effect,No
162,48,7.Laborer,35,16,Male,Yes Union,19,12,1,2.Likely,1.Better,No
163,40,4.Admin,61,13,Female,Yes Union,25,18.33,0,5.V Unlikely,3.No Effect,No
164,38,5.Service,38,14,Male,No Union,21,2.66,2,2.Likely,3.No Effect,Yes
165,40,5.Service,40,12,Male,No Union,23,3,1,1.V Likely,1.Better,Yes
166,40,4.Admin,32,12,Female,Yes Union,15,11.58,3,1.V Likely,3.No Effect,Yes
167,52,7.Laborer,32,12,Male,No Union,14,13,3,5.V Unlikely,1.Better,Yes
168,40,7.Laborer,33,12,Male,Yes Union,12,11,0,5.V Unlikely,3.No Effect,Yes
169,60,2.Prof'nal,39,20,Male,Yes Union,22,17,2,2.Likely,1.Better,Yes
170,45,1.Manag,58,20,Female,No Union,20,12,0,4.Unlikely,2.Worse,Yes
171,52,7.Laborer,47,16,Male,No Union,30,8,0,5.V Unlikely,3.No Effect,No
172,43,3.Tech/Sales,50,14,Male,Yes Union,32,22.5,2,4.Unlikely,1.Better,No
173,50,1.Manag,24,16,Male,No Union,7,1,0,2.Likely,1.Better,No
174,40,2.Prof'nal,30,12,Male,No Union,13,1.5,0,5.V Unlikely,3.No Effect,Yes
175,60,2.Prof'nal,31,20,Male,Yes Union,15,3,1,1.V Likely,1.Better,No
176,60,6.Prod'n,37,13,Male,No Union,18,3,0,4.Unlikely,2.Worse,No
177,50,3.Tech/Sales,44,13,Female,No Union,27,10,0,4.Unlikely,2.Worse,No
178,50,2.Prof'nal,41,15,Male,No Union,25,6,2,4.Unlikely,3.No Effect,No
179,55,2.Prof'nal,46,18,Male,No Union,29,7,4,2.Likely,1.Better,No
180,49,2.Prof'nal,57,18,Male,No Union,38,34,0,4.Unlikely,3.No Effect,Yes
181,32,7.Laborer,61,8,Male,Yes Union,40,40,0,1.V Likely,1.Better,No
182,40,2.Prof'nal,58,10,Male,No Union,40,3.91,0,4.Unlikely,3.No Effect,Yes
183,40,6.Prod'n,49,13,Male,No Union,25,6,0,4.Unlikely,3.No Effect,No
184,55,3.Tech/Sales,30,13,Female,No Union,5,2,0,4.Unlikely,3.No Effect,No
185,40,4.Admin,55,12,Female,No Union,20,15,2,2.Likely,3.No Effect,No
186,55,3.Tech/Sales,32,16,Male,No Union,15,7,1,2.Likely,1.Better,No
187,32,4.Admin,29,12,Female,No Union,12,3,1,2.Likely,3.No Effect,No
188,40,2.Prof'nal,47,18,Female,No Union,30,2,0,5.V Unlikely,2.Worse,Yes
189,60,1.Manag,32,12,Male,No Union,15,12,5,5.V Unlikely,3.No Effect,No
190,56,3.Tech/Sales,44,16,Male,No Union,27,22,4,2.Likely,2.Worse,Yes
191,55,1.Manag,34,20,Male,No Union,11,4,1,2.Likely,3.No Effect,No
192,60,7.Laborer,38,14,Male,No Union,21,15,2,1.V Likely,2.Worse,No
193,60,1.Manag,42,12,Female,No Union,26,22,3,2.Likely,3.No Effect,Yes
194,42,7.Laborer,30,12,Male,Yes Union,13,1.5,0,4.Unlikely,1.Better,No
195,40,7.Laborer,29,10,Male,Yes Union,13,0.25,0,2.Likely,3.No Effect,No
196,40,4.Admin,38,12,Female,No Union,22,1,0,1.V Likely,1.Better,No
197,40,4.Admin,32,12,Female,No Union,8,6,0,4.Unlikely,3.No Effect,No
198,40,7.Laborer,55,14,Female,No Union,35,29.5,1,2.Likely,3.No Effect,No
199,50,5.Service,47,16,Male,No Union,30,23.58,3,1.V Likely,3.No Effect,Yes
200,70,1.Manag,40,16,Male,No Union,18,2,0,2.Likely,3.No Effect,No
201,54,3.Tech/Sales,37,16,Male,No Union,11,5,2,1.V Likely,1.Better,No
202,40,5.Service,43,14,Female,No Union,24,22.25,1,4.Unlikely,3.No Effect,Yes
203,55,1.Manag,32,12,Female,No Union,16,11,1,4.Unlikely,3.No Effect,No
204,56,3.Tech/Sales,31,14,Female,No Union,16,10,2,1.V Likely,1.Better,No
205,89,3.Tech/Sales,44,12,Male,Yes Union,24,0.66,0,5.V Unlikely,3.No Effect,Yes
206,50,1.Manag,39,12,Male,No Union,18,11,2,4.Unlikely,1.Better,No
207,72,4.Admin,41,12,Male,No Union,24,18,0,2.Likely,2.Worse,Yes
208,48,3.Tech/Sales,30,14,Male,No Union,13,11,3,5.V Unlikely,1.Better,No
209,65,7.Laborer,58,8,Male,No Union,41,3,0,4.Unlikely,1.Better,No
210,75,2.Prof'nal,55,18,Male,No Union,38,29,2,5.V Unlikely,1.Better,No
211,68,6.Prod'n,60,12,Male,Yes Union,54,10,4,2.Likely,1.Better,No
212,40,4.Admin,29,16,Female,No Union,6,3,0,4.Unlikely,3.No Effect,No
213,40,4.Admin,42,12,Female,No Union,26,1.08,1,1.V Likely,1.Better,Yes
214,43,3.Tech/Sales,41,16,Male,No Union,12,12,0,3.Not sure,3.No Effect,Yes
215,48,7.Laborer,35,14,Male,No Union,19,7,1,2.Likely,3.No Effect,No
216,50,6.Prod'n,24,12,Male,No Union,7,3,0,2.Likely,1.Better,No
217,45,1.Manag,39,16,Male,No Union,22,9,2,4.Unlikely,1.Better,No
218,35,4.Admin,38,13,Female,No Union,17,4,1,1.V Likely,3.No Effect,No
219,35,2.Prof'nal,37,16,Female,No Union,20,14,0,2.Likely,3.No Effect,No
220,60,4.Admin,47,14,Female,No Union,21,1,0,1.V Likely,1.Better,Yes
221,40,4.Admin,38,12,Female,No Union,20,10.5,4,4.Unlikely,2.Worse,No
222,45,4.Admin,41,12,Male,No Union,24,8,4,1.V Likely,1.Better,Yes
223,35,2.Prof'nal,41,20,Female,Yes Union,24,17,0,5.V Unlikely,3.No Effect,Yes
224,60,7.Laborer,38,15,Male,No Union,21,4,1,5.V Unlikely,1.Better,No
225,45,7.Laborer,29,12,Male,No Union,11,3,0,2.Likely,1.Better,No
226,40,6.Prod'n,38,12,Male,No Union,20,7,0,4.Unlikely,3.No Effect,No
227,40,1.Manag,33,15,Male,No Union,11,10,0,5.V Unlikely,1.Better,No
228,45,2.Prof'nal,26,16,Female,No Union,4,4,0,5.V Unlikely,3.No Effect,No
229,60,3.Tech/Sales,25,16,Male,No Union,8,3,0,5.V Unlikely,1.Better,No
230,45,5.Service,62,11,Male,No Union,42,23,0,5.V Unlikely,3.No Effect,No
231,40,7.Laborer,42,12,Male,Yes Union,20,12.83,0,4.Unlikely,1.Better,Yes
232,45,3.Tech/Sales,31,14,Female,No Union,11,5.5,0,5.V Unlikely,3.No Effect,No
233,56,4.Admin,33,9,Male,No Union,16,4.5,0,3.Not sure,3.No Effect,No
234,55,7.Laborer,21,12,Female,Yes Union,4,2,0,1.V Likely,3.No Effect,No
235,40,5.Service,50,9,Female,No Union,20,10,0,1.V Likely,3.No Effect,Yes
236,40,4.Admin,36,12,Female,No Union,19,2.16,0,5.V Unlikely,3.No Effect,No
237,50,1.Manag,41,16,Female,No Union,22,2.33,0,2.Likely,3.No Effect,Yes
238,57,2.Prof'nal,27,13,Male,No Union,10,0.33,1,2.Likely,1.Better,No
239,47,3.Tech/Sales,42,17,Male,No Union,25,5,0,4.Unlikely,1.Better,Yes
240,60,2.Prof'nal,28,12,Male,No Union,11,5.5,5,2.Likely,1.Better,No
241,40,7.Laborer,46,8,Male,No Union,30,2,0,1.V Likely,3.No Effect,Yes
242,40,2.Prof'nal,32,18,Female,No Union,14,5,0,5.V Unlikely,3.No Effect,Yes
243,46,6.Prod'n,40,15,Male,No Union,22,18,6,2.Likely,1.Better,No
244,40,2.Prof'nal,39,16,Female,No Union,20,5,1,2.Likely,1.Better,No
245,43,5.Service,30,14,Female,No Union,13,0.25,1,1.V Likely,3.No Effect,Yes
246,45,3.Tech/Sales,33,17,Female,No Union,16,1,0,4.Unlikely,2.Worse,Yes
247,45,4.Admin,27,15,Female,No Union,10,2,0,2.Likely,3.No Effect,No
248,40,4.Admin,37,14,Female,No Union,15,15,3,1.V Likely,2.Worse,Yes
249,40,6.Prod'n,56,13,Male,Yes Union,34,1.83,0,2.Likely,1.Better,No
250,40,5.Service,30,14,Male,No Union,14,6,0,5.V Unlikely,1.Better,Yes
251,65,1.Manag,36,14,Female,No Union,19,6,0,5.V Unlikely,3.No Effect,Yes
252,40,4.Admin,32,12,Female,No Union,11,10,0,4.Unlikely,3.No Effect,Yes
253,50,7.Laborer,44,13,Male,Yes Union,25,15,0,5.V Unlikely,1.Better,No
254,80,4.Admin,48,14,Male,No Union,31,9,1,5.V Unlikely,3.No Effect,No
255,40,1.Manag,39,16,Male,No Union,17,16,1,2.Likely,3.No Effect,Yes
256,45,2.Prof'nal,31,20,Female,No Union,14,1,0,4.Unlikely,2.Worse,Yes
257,60,1.Manag,39,16,Male,No Union,20,3.25,0,5.V Unlikely,3.No Effect,Yes
258,40,1.Manag,62,15,Male,No Union,45,27,2,5.V Unlikely,1.Better,No
259,72,6.Prod'n,21,12,Male,No Union,5,1.08,0,5.V Unlikely,3.No Effect,No
260,40,1.Manag,62,14,Male,No Union,45,1.91,2,2.Likely,2.Worse,No
261,45,3.Tech/Sales,34,12,Male,No Union,17,2.08,1,2.Likely,3.No Effect,Yes
262,40,7.Laborer,35,11,Male,Yes Union,16,13,0,4.Unlikely,3.No Effect,Yes
263,45,7.Laborer,41,12,Male,Yes Union,22,0.25,0,1.V Likely,3.No Effect,No
264,50,2.Prof'nal,45,16,Female,No Union,21,20,3,4.Unlikely,1.Better,No
265,40,7.Laborer,54,10,Male,No Union,33,33,2,5.V Unlikely,3.No Effect,No
266,40,6.Prod'n,51,16,Male,No Union,34,6,1,2.Likely,1.Better,No
267,40,1.Manag,52,14,Male,No Union,35,31.91,3,2.Likely,1.Better,No
268,60,6.Prod'n,29,13,Male,No Union,13,5,1,1.V Likely,1.Better,No
269,40,4.Admin,44,18,Female,Yes Union,24,22,0,5.V Unlikely,2.Worse,No
270,50,1.Manag,40,16,Male,No Union,20,6,1,5.V Unlikely,1.Better,Yes
271,40,2.Prof'nal,41,18,Female,No Union,24,0.25,0,1.V Likely,3.No Effect,No
272,45,2.Prof'nal,31,12,Male,No Union,14,0.66,0,1.V Likely,1.Better,Yes
273,37,4.Admin,38,17,Female,No Union,20,5,0,5.V Unlikely,3.No Effect,Yes
274,46,1.Manag,43,12,Female,No Union,28,14,1,5.V Unlikely,3.No Effect,No
275,40,6.Prod'n,40,14,Male,No Union,22,15,1,5.V Unlikely,3.No Effect,Yes
276,40,1.Manag,41,19,Female,Yes Union,26,4,0,4.Unlikely,3.No Effect,No
277,48,3.Tech/Sales,64,12,Male,No Union,48,29,3,5.V Unlikely,3.No Effect,No
278,51,2.Prof'nal,40,13,Female,No Union,23,17,0,5.V Unlikely,2.Worse,Yes
279,40,7.Laborer,52,8,Male,No Union,35,20,2,5.V Unlikely,1.Better,No
280,40,4.Admin,41,13,Female,No Union,15,4,0,2.Likely,3.No Effect,No
281,40,6.Prod'n,38,12,Male,Yes Union,20,11,3,5.V Unlikely,1.Better,Yes
282,29,4.Admin,69,12,Female,No Union,27,25,3,3.Not sure,1.Better,No
283,40,2.Prof'nal,26,18,Female,Yes Union,10,1,0,4.Unlikely,3.No Effect,No
284,45,3.Tech/Sales,26,14,Male,No Union,9,1.5,1,1.V Likely,1.Better,No
285,40,1.Manag,45,12,Male,No Union,28,0.58,1,4.Unlikely,1.Better,No
286,40,2.Prof'nal,26,16,Female,No Union,9,8,3,2.Likely,3.No Effect,No
287,55,1.Manag,33,14,Male,No Union,16,7,4,4.Unlikely,3.No Effect,Yes
288,32,5.Service,38,12,Female,No Union,19,3.5,1,3.Not sure,3.No Effect,Yes
289,40,6.Prod'n,36,14,Male,No Union,20,18,2,2.Likely,1.Better,Yes
290,60,3.Tech/Sales,36,16,Male,No Union,12,5,0,5.V Unlikely,3.No Effect,Yes
291,36,1.Manag,45,13,Female,No Union,25,21,4,2.Likely,2.Worse,No
292,50,7.Laborer,45,12,Male,Yes Union,29,17,2,2.Likely,1.Better,No
293,40,5.Service,34,14,Female,No Union,16,4,1,2.Likely,3.No Effect,Yes
294,40,1.Manag,51,13,Female,No Union,30,24,4,2.Likely,1.Better,No
295,40,1.Manag,38,16,Female,No Union,6,6,4,1.V Likely,3.No Effect,Yes
296,32,4.Admin,58,13,Female,No Union,37,5,0,4.Unlikely,1.Better,No
297,50,6.Prod'n,54,14,Male,No Union,37,5,0,4.Unlikely,1.Better,No
298,32,1.Manag,57,12,Male,No Union,38,34,0,5.V Unlikely,3.No Effect,No
299,54,2.Prof'nal,43,18,Male,No Union,27,13,2,1.V Likely,1.Better,No
300,45,4.Admin,40,13,Female,No Union,20,7,1,2.Likely,1.Better,No
301,40,1.Manag,45,16,Female,Yes Union,25,4,0,2.Likely,1.Better,Yes
302,50,7.Laborer,54,14,Male,No Union,38,27,2,5.V Unlikely,3.No Effect,No
303,40,1.Manag,43,13,Male,No Union,26,26,0,5.V Unlikely,3.No Effect,Yes
304,35,7.Laborer,48,16,Female,No Union,27,3,0,5.V Unlikely,2.Worse,Yes
305,40,2.Prof'nal,44,16,Male,No Union,27,2,0,4.Unlikely,3.No Effect,No
306,40,7.Laborer,57,11,Female,No Union,45,15,2,4.Unlikely,3.No Effect,No
307,40,4.Admin,20,12,Female,No Union,3,1.5,0,2.Likely,1.Better,No
308,28,2.Prof'nal,49,19,Female,No Union,25,1,3,1.V Likely,2.Worse,No
309,40,2.Prof'nal,39,14,Male,No Union,18,10,1,1.V Likely,1.Better,Yes
310,40,6.Prod'n,41,14,Male,No Union,21,11,1,3.Not sure,1.Better,No
311,45,3.Tech/Sales,37,15,Male,No Union,20,5,0,4.Unlikely,3.No Effect,Yes
312,40,4.Admin,65,13,Female,No Union,22,13,1,5.V Unlikely,3.No Effect,No
313,40,2.Prof'nal,50,18,Male,Yes Union,33,23,3,2.Likely,2.Worse,No
314,34,2.Prof'nal,57,16,Female,No Union,14,11,0,5.V Unlikely,3.No Effect,No
315,40,4.Admin,48,12,Male,Yes Union,32,25,1,5.V Unlikely,2.Worse,No
316,50,2.Prof'nal,53,19,Male,No Union,35,11,0,5.V Unlikely,1.Better,No
317,60,2.Prof'nal,52,16,Female,No Union,32,18,0,5.V Unlikely,3.No Effect,No
318,52,2.Prof'nal,38,14,Male,No Union,19,1.5,1,2.Likely,1.Better,Yes
319,46,3.Tech/Sales,33,16,Female,No Union,9,1,0,4.Unlikely,2.Worse,Yes
320,45,2.Prof'nal,63,16,Male,No Union,35,32,0,3.Not sure,3.No Effect,No
321,40,1.Manag,51,16,Female,No Union,25,23,1,5.V Unlikely,3.No Effect,No
322,38,1.Manag,43,15,Female,No Union,5,3,0,4.Unlikely,3.No Effect,No
323,40,6.Prod'n,44,12,Male,Yes Union,27,20,4,4.Unlikely,3.No Effect,No
324,50,7.Laborer,30,12,Male,No Union,12,8,2,1.V Likely,1.Better,Yes
325,59,3.Tech/Sales,42,12,Female,No Union,10,6,1,4.Unlikely,3.No Effect,No
326,40,7.Laborer,62,8,Male,No Union,45,17,0,5.V Unlikely,3.No Effect,No
327,60,2.Prof'nal,38,18,Male,Yes Union,27,12,0,4.Unlikely,3.No Effect,Yes
328,40,5.Service,54,12,Female,No Union,23,23,0,5.V Unlikely,3.No Effect,No
329,40,6.Prod'n,52,12,Male,No Union,35,27,0,5.V Unlikely,1.Better,No
330,48,7.Laborer,38,12,Male,Yes Union,21,18,1,5.V Unlikely,3.No Effect,Yes
331,44,6.Prod'n,55,12,Male,Yes Union,35,14,0,4.Unlikely,1.Better,No
332,60,2.Prof'nal,43,15,Male,No Union,26,17,0,1.V Likely,2.Worse,No
333,73,1.Manag,25,14,Male,No Union,8,2.5,0,5.V Unlikely,3.No Effect,No
334,48,7.Laborer,36,11,Female,No Union,11,10,0,5.V Unlikely,3.No Effect,Yes
335,40,6.Prod'n,53,12,Male,No Union,42,22,0,5.V Unlikely,3.No Effect,No
336,60,7.Laborer,28,16,Female,No Union,12,7,0,2.Likely,3.No Effect,No
337,40,6.Prod'n,32,14,Male,Yes Union,16,1,0,1.V Likely,3.No Effect,Yes
338,60,3.Tech/Sales,40,12,Male,No Union,23,11.25,0,3.Not sure,3.No Effect,Yes
339,42,3.Tech/Sales,57,12,Female,No Union,34,29.25,0,5.V Unlikely,2.Worse,No
340,32,7.Laborer,27,12,Female,No Union,8,5,1,5.V Unlikely,3.No Effect,No
341,40,2.Prof'nal,38,16,Female,Yes Union,12,10,1,5.V Unlikely,2.Worse,Yes
342,75,6.Prod'n,28,14,Male,No Union,10,3,0,5.V Unlikely,3.No Effect,No
343,50,6.Prod'n,52,11,Male,No Union,35,19.16,0,5.V Unlikely,1.Better,No
344,50,7.Laborer,39,12,Male,No Union,22,3.41,2,2.Likely,3.No Effect,Yes
345,60,2.Prof'nal,36,18,Female,No Union,19,10,0,5.V Unlikely,3.No Effect,Yes
346,60,3.Tech/Sales,38,16,Male,No Union,17,2,0,5.V Unlikely,3.No Effect,Yes
347,43,3.Tech/Sales,41,12,Female,Yes Union,24,11,0,5.V Unlikely,2.Worse,No
348,50,7.Laborer,27,14,Male,No Union,4,3,0,4.Unlikely,3.No Effect,No
349,80,3.Tech/Sales,32,10,Male,No Union,15,1.5,0,4.Unlikely,3.No Effect,Yes
350,40,7.Laborer,39,14,Female,No Union,20,20,2,1.V Likely,3.No Effect,Yes
351,60,6.Prod'n,51,12,Male,No Union,44,8,0,5.V Unlikely,3.No Effect,No
352,50,6.Prod'n,42,12,Male,No Union,25,14,0,5.V Unlikely,3.No Effect,No
353,40,7.Laborer,30,13,Male,Yes Union,10,8,0,4.Unlikely,3.No Effect,Yes
354,56,2.Prof'nal,24,16,Female,No Union,9,2,0,1.V Likely,1.Better,Yes
355,48,7.Laborer,33,12,Female,Yes Union,16,14,1,5.V Unlikely,2.Worse,No
356,40,4.Admin,61,12,Female,No Union,25,17,1,4.Unlikely,3.No Effect,No
357,40,7.Laborer,37,12,Female,No Union,10,2.66,0,4.Unlikely,3.No Effect,No
358,55,3.Tech/Sales,39,16,Male,Yes Union,18,9,0,5.V Unlikely,2.Worse,No
359,44,4.Admin,23,12,Female,No Union,6,2.5,0,5.V Unlikely,3.No Effect,Yes
360,50,4.Admin,55,12,Female,No Union,30,30,3,2.Likely,2.Worse,No
361,55,1.Manag,43,16,Male,No Union,27,5,2,4.Unlikely,1.Better,No
362,56,7.Laborer,43,12,Male,No Union,27,0.25,0,1.V Likely,3.No Effect,No
363,38,1.Manag,50,16,Female,No Union,14,1,0,5.V Unlikely,3.No Effect,No
364,56,2.Prof'nal,43,18,Male,No Union,26,5.5,0,2.Likely,3.No Effect,Yes
365,50,3.Tech/Sales,49,17,Male,No Union,32,1.5,0,5.V Unlikely,3.No Effect,Yes
366,50,2.Prof'nal,63,20,Male,No Union,45,25,2,5.V Unlikely,3.No Effect,Yes
367,84,6.Prod'n,33,12,Male,No Union,16,13.91,3,3.Not sure,1.Better,No
368,46,3.Tech/Sales,35,12,Female,No Union,16,10,0,4.Unlikely,2.Worse,Yes
369,40,6.Prod'n,21,12,Male,No Union,4,1.25,3,1.V Likely,1.Better,Yes
370,42,5.Service,63,10,Male,No Union,46,9.41,7,5.V Unlikely,1.Better,No
371,50,6.Prod'n,36,14,Male,No Union,18,9.66,5,1.V Likely,3.No Effect,No
372,70,6.Prod'n,28,12,Male,No Union,10,9.66,2,2.Likely,1.Better,Yes
373,40,6.Prod'n,43,14,Male,No Union,27,18.16,7,1.V Likely,1.Better,Yes
374,34,6.Prod'n,44,11,Male,No Union,24,4,0,4.Unlikely,3.No Effect,Yes
375,63,7.Laborer,25,12,Male,No Union,8,4,1,1.V Likely,1.Better,Yes
376,50,2.Prof'nal,27,17,Female,No Union,7,1,0,1.V Likely,2.Worse,Yes
377,65,1.Manag,22,12,Male,No Union,6,1,1,1.V Likely,1.Better,Yes
378,36,1.Manag,33,12,Female,No Union,17,11,0,5.V Unlikely,3.No Effect,No
379,48,6.Prod'n,25,12,Female,No Union,4,2,0,2.Likely,2.Worse,Yes
380,40,6.Prod'n,47,12,Male,No Union,28,19,1,5.V Unlikely,3.No Effect,Yes
381,40,2.Prof'nal,44,19,Female,No Union,28,3.58,0,4.Unlikely,2.Worse,Yes
382,40,7.Laborer,26,12,Female,No Union,6,5,1,4.Unlikely,3.No Effect,Yes
383,40,7.Laborer,47,10,Male,No Union,32,10,1,4.Unlikely,3.No Effect,Yes
384,65,7.Laborer,41,11,Male,No Union,24,5,1,5.V Unlikely,3.No Effect,Yes
385,40,4.Admin,35,12,Male,No Union,18,8,0,2.Likely,3.No Effect,No
386,40,7.Laborer,41,12,Female,No Union,25,16,0,4.Unlikely,3.No Effect,Yes
387,40,2.Prof'nal,32,16,Female,No Union,16,3,0,4.Unlikely,3.No Effect,No
388,40,7.Laborer,34,12,Male,No Union,16,13,0,2.Likely,1.Better,Yes
389,40,7.Laborer,31,12,Female,No Union,13,2.5,0,5.V Unlikely,3.No Effect,No
390,47,4.Admin,31,12,Female,No Union,21,10,0,5.V Unlikely,1.Better,Yes
391,32,4.Admin,57,13,Female,No Union,20,3,0,4.Unlikely,3.No Effect,No
392,80,7.Laborer,32,14,Male,No Union,15,6,2,1.V Likely,3.No Effect,No
393,50,5.Service,44,13,Male,No Union,24,24,0,5.V Unlikely,3.No Effect,Yes
394,57,3.Tech/Sales,29,14,Female,No Union,10,2,0,2.Likely,2.Worse,Yes
395,40,4.Admin,56,12,Female,Yes Union,34,21,0,5.V Unlikely,3.No Effect,No
396,40,2.Prof'nal,28,19,Female,No Union,10,2,1,1.V Likely,3.No Effect,Yes
397,45,6.Prod'n,42,12,Male,No Union,26,19.25,0,4.Unlikely,3.No Effect,Yes
398,40,1.Manag,22,13,Male,No Union,2,1.25,1,1.V Likely,1.Better,Yes
399,40,7.Laborer,35,12,Male,Yes Union,16,16,4,4.Unlikely,1.Better,No
400,60,6.Prod'n,35,12,Male,No Union,15,3,2,2.Likely,1.Better,No
401,48,3.Tech/Sales,60,14,Male,No Union,40,20,0,3.Not sure,3.No Effect,No
402,40,5.Service,37,14,Female,No Union,10,1.5,0,2.Likely,3.No Effect,Yes
403,40,6.Prod'n,25,13,Female,No Union,10,1.5,0,5.V Unlikely,3.No Effect,Yes
404,50,2.Prof'nal,39,18,Male,No Union,15,5,0,4.Unlikely,1.Better,Yes
405,30,1.Manag,35,16,Male,No Union,15,3,2,3.Not sure,3.No Effect,Yes
406,32,2.Prof'nal,35,12,Female,No Union,13,1.5,0,2.Likely,2.Worse,Yes
407,55,6.Prod'n,49,13,Male,Yes Union,30,5,0,5.V Unlikely,1.Better,Yes
408,45,3.Tech/Sales,34,12,Female,No Union,12,6,1,1.V Likely,3.No Effect,Yes
409,40,4.Admin,50,14,Female,No Union,20,10,0,1.V Likely,3.No Effect,No
410,40,7.Laborer,49,4,Male,Yes Union,31,22.08,0,4.Unlikely,3.No Effect,Yes
411,40,5.Service,39,16,Male,No Union,23,0.5,0,1.V Likely,3.No Effect,Yes
412,40,3.Tech/Sales,61,12,Female,No Union,20,0.75,0,5.V Unlikely,3.No Effect,No
413,40,1.Manag,59,16,Male,No Union,43,1.5,1,2.Likely,3.No Effect,Yes
414,40,4.Admin,25,16,Male,No Union,7,1,1,1.V Likely,1.Better,Yes
415,50,7.Laborer,20,11,Male,No Union,3,1,3,1.V Likely,1.Better,Yes
416,64,3.Tech/Sales,37,13,Female,No Union,20,3,0,4.Unlikely,2.Worse,Yes
417,50,7.Laborer,54,14,Male,No Union,38,27,2,5.V Unlikely,3.No Effect,No
418,40,1.Manag,43,13,Male,No Union,26,26,0,5.V Unlikely,3.No Effect,Yes
419,35,7.Laborer,48,16,Female,No Union,27,3,0,5.V Unlikely,2.Worse,Yes
420,40,2.Prof'nal,44,16,Male,No Union,27,2,0,4.Unlikely,3.No Effect,No
421,40,7.Laborer,57,11,Female,No Union,45,15,2,4.Unlikely,3.No Effect,No
422,40,4.Admin,20,12,Female,No Union,3,1.5,0,2.Likely,1.Better,No
423,28,2.Prof'nal,49,19,Female,No Union,25,1,3,1.V Likely,2.Worse,No
424,40,2.Prof'nal,39,14,Male,No Union,18,10,1,1.V Likely,1.Better,Yes
425,40,6.Prod'n,41,14,Male,No Union,21,11,1,3.Not sure,1.Better,No
426,47,3.Tech/Sales,37,15,Male,No Union,20,5,0,4.Unlikely,3.No Effect,Yes
427,70,3.Tech/Sales,52,16,Male,No Union,36,1,0,5.V Unlikely,3.No Effect,Yes
428,60,3.Tech/Sales,38,16,Male,No Union,20,2.66,0,5.V Unlikely,3.No Effect,Yes
429,40,4.Admin,35,12,Female,No Union,10,2.5,3,1.V Likely,3.No Effect,Yes
430,43,1.Manag,34,16,Male,No Union,12,5.5,1,4.Unlikely,1.Better,Yes
431,52,6.Prod'n,34,12,Male,No Union,16,13,2,5.V Unlikely,1.Better,Yes
432,40,4.Admin,27,16,Female,No Union,10,5,4,1.V Likely,3.No Effect,No
433,46,7.Laborer,23,12,Male,Yes Union,6,1.41,0,2.Likely,1.Better,No
434,50,1.Manag,62,11,Male,No Union,45,52.25,4,4.Unlikely,3.No Effect,No
435,76,5.Service,41,13,Male,Yes Union,24,27.16,4,1.V Likely,3.No Effect,No
436,38,7.Laborer,26,15,Male,No Union,9,0.5,1,1.V Likely,3.No Effect,No
437,42,3.Tech/Sales,36,18,Female,No Union,19,1,0,1.V Likely,3.No Effect,Yes
438,46,3.Tech/Sales,37,16,Male,No Union,19,19,4,1.V Likely,1.Better,Yes
439,40,7.Laborer,37,12,Female,No Union,10,2.66,0,4.Unlikely,3.No Effect,No
440,55,3.Tech/Sales,39,16,Male,Yes Union,18,9,0,5.V Unlikely,2.Worse,No
441,44,4.Admin,23,12,Female,No Union,6,2.5,0,5.V Unlikely,3.No Effect,Yes
442,50,4.Admin,55,12,Female,No Union,30,30,3,2.Likely,2.Worse,No
443,55,1.Manag,43,16,Male,No Union,27,5,2,4.Unlikely,1.Better,No
444,56,7.Laborer,43,12,Male,No Union,27,0.25,0,1.V Likely,3.No Effect,No
445,38,1.Manag,50,16,Female,No Union,14,1,0,5.V Unlikely,3.No Effect,No
446,56,2.Prof'nal,43,18,Male,No Union,26,5.5,0,2.Likely,3.No Effect,Yes
447,50,3.Tech/Sales,49,17,Male,No Union,32,1.5,0,5.V Unlikely,3.No Effect,Yes
448,50,2.Prof'nal,63,20,Male,No Union,45,25,2,5.V Unlikely,3.No Effect,Yes
449,40,6.Prod'n,25,13,Female,No Union,10,1.5,0,5.V Unlikely,3.No Effect,Yes
450,50,2.Prof'nal,39,18,Male,No Union,15,5,0,4.Unlikely,1.Better,Yes
451,30,1.Manag,35,16,Male,No Union,15,3,2,3.Not sure,3.No Effect,Yes
452,32,2.Prof'nal,35,12,Female,No Union,13,1.5,0,2.Likely,2.Worse,Yes
453,55,6.Prod'n,49,13,Male,Yes Union,30,5,0,5.V Unlikely,1.Better,Yes
454,55,3.Tech/Sales,34,12,Female,No Union,12,6,1,1.V Likely,3.No Effect,Yes
455,40,4.Admin,50,14,Female,No Union,20,10,0,1.V Likely,3.No Effect,No
456,40,7.Laborer,49,4,Male,Yes Union,31,22.08,0,4.Unlikely,3.No Effect,Yes
457,40,7.Laborer,37,12,Female,No Union,10,2.66,0,4.Unlikely,3.No Effect,No
458,35,3.Tech/Sales,39,16,Male,Yes Union,18,9,0,5.V Unlikely,2.Worse,No
459,44,4.Admin,23,12,Female,No Union,6,2.5,0,5.V Unlikely,3.No Effect,Yes
460,50,4.Admin,55,12,Female,No Union,30,30,3,2.Likely,2.Worse,No
461,55,1.Manag,43,16,Male,No Union,27,5,2,4.Unlikely,1.Better,No
462,56,7.Laborer,43,12,Male,No Union,27,0.25,0,1.V Likely,3.No Effect,No
463,38,1.Manag,50,16,Female,No Union,14,1,0,5.V Unlikely,3.No Effect,No
464,56,2.Prof'nal,43,18,Male,No Union,26,5.5,0,2.Likely,3.No Effect,Yes
465,50,3.Tech/Sales,49,17,Male,No Union,32,1.5,0,5.V Unlikely,3.No Effect,Yes
466,50,2.Prof'nal,63,20,Male,No Union,45,25,2,5.V Unlikely,3.No Effect,Yes
467,40,1.Manag,51,13,Female,No Union,30,24,4,2.Likely,1.Better,No
468,40,1.Manag,38,16,Female,No Union,6,6,4,1.V Likely,3.No Effect,Yes
469,32,4.Admin,58,13,Female,No Union,37,5,0,4.Unlikely,1.Better,No
470,50,6.Prod'n,54,14,Male,No Union,37,5,0,4.Unlikely,1.Better,No
471,32,1.Manag,57,12,Male,No Union,38,34,0,5.V Unlikely,3.No Effect,No
472,54,2.Prof'nal,43,18,Male,No Union,27,13,2,1.V Likely,1.Better,No
473,45,4.Admin,40,13,Female,No Union,20,7,1,2.Likely,1.Better,No
474,40,1.Manag,45,16,Female,Yes Union,25,4,0,2.Likely,1.Better,Yes
475,50,7.Laborer,54,14,Male,No Union,38,27,2,5.V Unlikely,3.No Effect,No
476,40,1.Manag,43,13,Male,No Union,26,26,0,5.V Unlikely,3.No Effect,Yes
477,35,7.Laborer,48,16,Female,No Union,27,3,0,5.V Unlikely,2.Worse,Yes
478,40,2.Prof'nal,44,16,Male,No Union,27,2,0,4.Unlikely,3.No Effect,No
479,40,7.Laborer,57,11,Female,No Union,45,15,2,4.Unlikely,3.No Effect,No
480,40,4.Admin,20,12,Female,No Union,3,1.5,0,2.Likely,1.Better,No
481,28,2.Prof'nal,49,19,Female,No Union,25,1,3,1.V Likely,2.Worse,No
482,40,2.Prof'nal,39,14,Male,No Union,18,10,1,1.V Likely,1.Better,Yes
483,40,6.Prod'n,41,14,Male,No Union,21,11,1,3.Not sure,1.Better,No
484,40,3.Tech/Sales,37,15,Male,No Union,20,5,0,4.Unlikely,3.No Effect,Yes
485,50,2.Prof'nal,63,20,Male,No Union,45,25,2,5.V Unlikely,3.No Effect,Yes
486,40,1.Manag,51,13,Female,No Union,30,24,4,2.Likely,1.Better,No
487,40,1.Manag,38,16,Female,No Union,6,6,4,1.V Likely,3.No Effect,Yes
488,32,4.Admin,58,13,Female,No Union,37,5,0,4.Unlikely,1.Better,No
489,45,4.Admin,40,13,Female,No Union,20,7,1,2.Likely,1.Better,No
490,40,7.Laborer,37,12,Female,No Union,10,2.66,0,4.Unlikely,3.No Effect,No
491,35,3.Tech/Sales,39,16,Male,Yes Union,18,9,0,5.V Unlikely,2.Worse,No
492,44,4.Admin,23,12,Female,No Union,6,2.5,0,5.V Unlikely,3.No Effect,Yes
493,50,4.Admin,55,12,Female,No Union,30,30,3,2.Likely,2.Worse,No
494,55,1.Manag,43,16,Male,No Union,27,5,2,4.Unlikely,1.Better,No
495,56,7.Laborer,43,12,Male,No Union,27,0.25,0,1.V Likely,3.No Effect,No
496,38,1.Manag,50,16,Female,No Union,14,1,0,5.V Unlikely,3.No Effect,No
497,56,2.Prof'nal,43,18,Male,No Union,26,5.5,0,2.Likely,3.No Effect,Yes
498,50,3.Tech/Sales,49,17,Male,No Union,32,1.5,0,5.V Unlikely,3.No Effect,Yes
499,32,1.Manag,57,12,Male,No Union,38,34,0,5.V Unlikely,3.No Effect,No
500,54,2.Prof'nal,43,18,Male,No Union,27,13,2,1.V Likely,1.Better,No
501,40,4.Admin,25,16,Male,No Union,7,1,1,1.V Likely,1.Better,Yes
502,50,7.Laborer,20,11,Male,No Union,3,1,3,1.V Likely,1.Better,Yes
503,64,3.Tech/Sales,37,13,Female,No Union,20,3,0,4.Unlikely,2.Worse,Yes
504,49,4.Admin,24,12,Female,No Union,7,5,1,1.V Likely,2.Worse,Yes
505,30,6.Prod'n,33,10,Male,No Union,17,5,0,2.Likely,1.Better,Yes
506,55,3.Tech/Sales,30,16,Male,No Union,14,5,1,2.Likely,1.Better,Yes
507,50,5.Service,43,13,Male,No Union,27,12,2,1.V Likely,3.No Effect,No
508,40,4.Admin,56,16,Female,No Union,36,30,3,1.V Likely,1.Better,Yes
509,40,6.Prod'n,35,15,Male,No Union,18,0.5,0,2.Likely,1.Better,Yes
510,40,4.Admin,35,16,Male,No Union,15,0.75,2,1.V Likely,1.Better,Yes
511,40,2.Prof'nal,42,16,Female,No Union,25,5.5,0,5.V Unlikely,3.No Effect,Yes
512,48,1.Manag,34,12,Female,No Union,18,3,0,4.Unlikely,3.No Effect,Yes
513,42,4.Admin,50,14,Female,No Union,33,3.5,1,2.Likely,1.Better,Yes
514,50,3.Tech/Sales,34,12,Female,No Union,15,8,2,2.Likely,2.Worse,No
515,45,5.Service,41,13,Male,No Union,24,2,0,5.V Unlikely,1.Better,No
516,40,2.Prof'nal,44,16,Female,No Union,9,5.5,0,5.V Unlikely,3.No Effect,No
517,55,3.Tech/Sales,27,17,Female,No Union,11,7,0,2.Likely,1.Better,Yes
518,40,6.Prod'n,40,13,Male,No Union,23,10,1,1.V Likely,3.No Effect,No
519,32,2.Prof'nal,33,16,Female,Yes Union,12,2.58,0,4.Unlikely,2.Worse,No
520,50,1.Manag,38,19,Male,No Union,19,15,4,1.V Likely,1.Better,No
521,89,3.Tech/Sales,41,15,Male,Yes Union,23,1,0,4.Unlikely,3.No Effect,No
522,40,4.Admin,32,12,Male,No Union,16,0.16,0,2.Likely,3.No Effect,No
523,48,1.Manag,58,14,Male,No Union,42,36,4,5.V Unlikely,1.Better,Yes
524,40,2.Prof'nal,28,16,Female,No Union,7,12.33,1,1.V Likely,2.Worse,Yes
525,45,7.Laborer,18,12,Male,No Union,1,1,0,2.Likely,1.Better,Yes
526,40,2.Prof'nal,33,16,Female,No Union,14,3,0,5.V Unlikely,2.Worse,No
527,49,3.Tech/Sales,34,9,Female,No Union,18,1.5,1,2.Likely,3.No Effect,No
528,40,1.Manag,48,17,Female,No Union,22,6,2,4.Unlikely,2.Worse,Yes
529,40,5.Service,21,14,Female,No Union,3,0.66,0,3.Not sure,3.No Effect,No
530,40,1.Manag,26,16,Female,No Union,13,3.5,1,3.Not sure,3.No Effect,Yes
531,40,7.Laborer,57,11,Female,No Union,45,15,2,4.Unlikely,3.No Effect,No
532,40,4.Admin,20,12,Female,No Union,3,1.5,0,2.Likely,1.Better,No
533,28,2.Prof'nal,49,19,Female,No Union,25,1,3,1.V Likely,2.Worse,No
534,40,2.Prof'nal,39,14,Male,No Union,18,10,1,1.V Likely,1.Better,Yes
535,40,6.Prod'n,41,14,Male,No Union,21,11,1,3.Not sure,1.Better,No
536,50,3.Tech/Sales,37,15,Male,No Union,20,5,0,4.Unlikely,3.No Effect,Yes
537,50,2.Prof'nal,63,20,Male,No Union,45,25,2,5.V Unlikely,3.No Effect,Yes
538,40,1.Manag,51,13,Female,No Union,30,24,4,2.Likely,1.Better,No
539,40,1.Manag,38,16,Female,No Union,6,6,4,1.V Likely,3.No Effect,Yes
540,32,4.Admin,58,13,Female,No Union,37,5,0,4.Unlikely,1.Better,No
541,45,4.Admin,40,13,Female,No Union,20,7,1,2.Likely,1.Better,No
542,40,7.Laborer,37,12,Female,No Union,10,2.66,0,4.Unlikely,3.No Effect,No
543,54,3.Tech/Sales,39,16,Male,Yes Union,18,9,0,5.V Unlikely,2.Worse,No
544,44,4.Admin,23,12,Female,No Union,6,2.5,0,5.V Unlikely,3.No Effect,Yes
545,50,4.Admin,55,12,Female,No Union,30,30,3,2.Likely,2.Worse,No
546,55,1.Manag,43,16,Male,No Union,27,5,2,4.Unlikely,1.Better,No
547,56,7.Laborer,43,12,Male,No Union,27,0.25,0,1.V Likely,3.No Effect,No
548,38,1.Manag,50,16,Female,No Union,14,1,0,5.V Unlikely,3.No Effect,No
549,56,2.Prof'nal,43,18,Male,No Union,26,5.5,0,2.Likely,3.No Effect,Yes
550,50,3.Tech/Sales,49,17,Male,No Union,32,1.5,0,5.V Unlikely,3.No Effect,Yes
551,32,1.Manag,57,12,Male,No Union,38,34,0,5.V Unlikely,3.No Effect,No
552,54,2.Prof'nal,43,18,Male,No Union,27,13,2,1.V Likely,1.Better,No
553,40,4.Admin,25,16,Male,No Union,7,1,1,1.V Likely,1.Better,Yes
554,50,7.Laborer,20,11,Male,No Union,3,1,3,1.V Likely,1.Better,Yes
555,64,3.Tech/Sales,37,13,Female,No Union,20,3,0,4.Unlikely,2.Worse,Yes
556,49,4.Admin,24,12,Female,No Union,7,5,1,1.V Likely,2.Worse,Yes
557,30,6.Prod'n,33,10,Male,No Union,17,5,0,2.Likely,1.Better,Yes
558,55,3.Tech/Sales,30,16,Male,No Union,14,5,1,2.Likely,1.Better,Yes
559,50,5.Service,43,13,Male,No Union,27,12,2,1.V Likely,3.No Effect,No
560,40,4.Admin,56,16,Female,No Union,36,30,3,1.V Likely,1.Better,Yes
561,40,6.Prod'n,35,15,Male,No Union,18,0.5,0,2.Likely,1.Better,Yes
562,40,4.Admin,35,16,Male,No Union,15,0.75,2,1.V Likely,1.Better,Yes
563,40,2.Prof'nal,42,16,Female,No Union,25,5.5,0,5.V Unlikely,3.No Effect,Yes
564,48,1.Manag,34,12,Female,No Union,18,3,0,4.Unlikely,3.No Effect,Yes
565,42,4.Admin,50,14,Female,No Union,33,3.5,1,2.Likely,1.Better,Yes
566,50,3.Tech/Sales,34,12,Female,No Union,15,8,2,2.Likely,2.Worse,No
567,76,5.Service,41,13,Male,Yes Union,24,27.16,4,1.V Likely,3.No Effect,No
568,38,7.Laborer,26,15,Male,No Union,9,0.5,1,1.V Likely,3.No Effect,No
569,42,3.Tech/Sales,36,18,Female,No Union,19,1,0,1.V Likely,3.No Effect,Yes
570,46,3.Tech/Sales,37,16,Male,No Union,19,19,4,1.V Likely,1.Better,Yes
571,40,7.Laborer,37,12,Female,No Union,10,2.66,0,4.Unlikely,3.No Effect,No
572,35,3.Tech/Sales,39,16,Male,Yes Union,18,9,0,5.V Unlikely,2.Worse,No
573,44,4.Admin,23,12,Female,No Union,6,2.5,0,5.V Unlikely,3.No Effect,Yes
574,50,4.Admin,55,12,Female,No Union,30,30,3,2.Likely,2.Worse,No
575,55,1.Manag,43,16,Male,No Union,27,5,2,4.Unlikely,1.Better,No
576,56,7.Laborer,43,12,Male,No Union,27,0.25,0,1.V Likely,3.No Effect,No
577,38,1.Manag,50,16,Female,No Union,14,1,0,5.V Unlikely,3.No Effect,No
578,56,2.Prof'nal,43,18,Male,No Union,26,5.5,0,2.Likely,3.No Effect,Yes
579,50,3.Tech/Sales,49,17,Male,No Union,32,1.5,0,5.V Unlikely,3.No Effect,Yes
580,50,2.Prof'nal,63,20,Male,No Union,45,25,2,5.V Unlikely,3.No Effect,Yes
581,40,6.Prod'n,25,13,Female,No Union,10,1.5,0,5.V Unlikely,3.No Effect,Yes
582,50,2.Prof'nal,39,18,Male,No Union,15,5,0,4.Unlikely,1.Better,Yes
583,30,1.Manag,35,16,Male,No Union,15,3,2,3.Not sure,3.No Effect,Yes
584,32,2.Prof'nal,35,12,Female,No Union,13,1.5,0,2.Likely,2.Worse,Yes
585,55,6.Prod'n,49,13,Male,Yes Union,30,5,0,5.V Unlikely,1.Better,Yes
586,40,3.Tech/Sales,34,12,Female,No Union,12,6,1,1.V Likely,3.No Effect,Yes
587,40,4.Admin,50,14,Female,No Union,20,10,0,1.V Likely,3.No Effect,No
588,40,7.Laborer,49,4,Male,Yes Union,31,22.08,0,4.Unlikely,3.No Effect,Yes
589,40,7.Laborer,37,12,Female,No Union,10,2.66,0,4.Unlikely,3.No Effect,No
590,64,3.Tech/Sales,39,16,Male,Yes Union,18,9,0,5.V Unlikely,2.Worse,No
591,44,4.Admin,23,12,Female,No Union,6,2.5,0,5.V Unlikely,3.No Effect,Yes
592,50,4.Admin,55,12,Female,No Union,30,30,3,2.Likely,2.Worse,No
593,55,1.Manag,43,16,Male,No Union,27,5,2,4.Unlikely,1.Better,No
594,56,7.Laborer,43,12,Male,No Union,27,0.25,0,1.V Likely,3.No Effect,No
595,38,1.Manag,50,16,Female,No Union,14,1,0,5.V Unlikely,3.No Effect,No
596,56,2.Prof'nal,43,18,Male,No Union,26,5.5,0,2.Likely,3.No Effect,Yes
597,50,3.Tech/Sales,49,17,Male,No Union,32,1.5,0,5.V Unlikely,3.No Effect,Yes
598,50,2.Prof'nal,63,20,Male,No Union,45,25,2,5.V Unlikely,3.No Effect,Yes
599,40,1.Manag,51,13,Female,No Union,30,24,4,2.Likely,1.Better,No
600,40,1.Manag,38,16,Female,No Union,6,6,4,1.V Likely,3.No Effect,Yes
601,32,4.Admin,58,13,Female,No Union,37,5,0,4.Unlikely,1.Better,No
602,50,6.Prod'n,54,14,Male,No Union,37,5,0,4.Unlikely,1.Better,No
603,60,3.Tech/Sales,38,16,Male,No Union,20,2.66,0,5.V Unlikely,3.No Effect,Yes
604,40,4.Admin,35,12,Female,No Union,10,2.5,3,1.V Likely,3.No Effect,Yes
605,43,1.Manag,34,16,Male,No Union,12,5.5,1,4.Unlikely,1.Better,Yes
606,52,6.Prod'n,34,12,Male,No Union,16,13,2,5.V Unlikely,1.Better,Yes
607,40,4.Admin,27,16,Female,No Union,10,5,4,1.V Likely,3.No Effect,No
608,46,7.Laborer,23,12,Male,Yes Union,6,1.41,0,2.Likely,1.Better,No
609,50,1.Manag,62,11,Male,No Union,45,52.25,4,4.Unlikely,3.No Effect,No
610,76,5.Service,41,13,Male,Yes Union,24,27.16,4,1.V Likely,3.No Effect,No
611,38,7.Laborer,26,15,Male,No Union,9,0.5,1,1.V Likely,3.No Effect,No
612,42,3.Tech/Sales,36,18,Female,No Union,19,1,0,1.V Likely,3.No Effect,Yes
613,49,3.Tech/Sales,37,16,Male,No Union,19,19,4,1.V Likely,1.Better,Yes
614,40,1.Manag,39,12,Female,No Union,20,10,0,4.Unlikely,2.Worse,Yes
615,40,6.Prod'n,33,11,Male,No Union,15,1,2,4.Unlikely,1.Better,Yes
616,47,3.Tech/Sales,61,10,Female,No Union,30,13,3,4.Unlikely,3.No Effect,No
617,54,3.Tech/Sales,20,10,Male,No Union,3,3,0,2.Likely,1.Better,No
618,60,6.Prod'n,31,12,Male,No Union,14,12.5,3,4.Unlikely,1.Better,Yes
619,50,2.Prof'nal,28,17,Male,No Union,6,4.58,2,1.V Likely,3.No Effect,No
620,45,3.Tech/Sales,22,14,Male,Yes Union,9,1,0,3.Not sure,3.No Effect,No
621,42,3.Tech/Sales,36,17,Male,No Union,15,7,3,2.Likely,1.Better,Yes
622,45,3.Tech/Sales,48,16,Female,No Union,26,4,0,1.V Likely,2.Worse,No
623,41,2.Prof'nal,47,19,Female,No Union,15,1,0,5.V Unlikely,3.No Effect,No
624,67,6.Prod'n,51,12,Male,Yes Union,33,32.33,0,5.V Unlikely,1.Better,Yes
625,44,7.Laborer,48,12,Male,Yes Union,31,24.75,2,2.Likely,2.Worse,No
626,37,7.Laborer,30,14,Female,Yes Union,10,4,0,5.V Unlikely,3.No Effect,Yes
627,40,5.Service,40,10,Female,Yes Union,20,17,0,5.V Unlikely,3.No Effect,Yes
628,42,4.Admin,29,15,Female,No Union,13,4.33,0,2.Likely,3.No Effect,No
629,48,7.Laborer,35,16,Male,Yes Union,19,12,1,2.Likely,1.Better,No
630,40,4.Admin,61,13,Female,Yes Union,25,18.33,0,5.V Unlikely,3.No Effect,No
631,38,5.Service,38,14,Male,No Union,21,2.66,2,2.Likely,3.No Effect,Yes
632,40,5.Service,40,12,Male,No Union,23,3,1,1.V Likely,1.Better,Yes
633,40,4.Admin,32,12,Female,Yes Union,15,11.58,3,1.V Likely,3.No Effect,Yes
634,52,7.Laborer,32,12,Male,No Union,14,13,3,5.V Unlikely,1.Better,Yes
635,40,7.Laborer,33,12,Male,Yes Union,12,11,0,5.V Unlikely,3.No Effect,Yes
636,50,3.Tech/Sales,49,17,Male,No Union,32,1.5,0,5.V Unlikely,3.No Effect,Yes
637,50,2.Prof'nal,63,20,Male,No Union,45,25,2,5.V Unlikely,3.No Effect,Yes
638,40,6.Prod'n,25,13,Female,No Union,10,1.5,0,5.V Unlikely,3.No Effect,Yes
639,50,2.Prof'nal,39,18,Male,No Union,15,5,0,4.Unlikely,1.Better,Yes
640,30,1.Manag,35,16,Male,No Union,15,3,2,3.Not sure,3.No Effect,Yes
641,32,2.Prof'nal,35,12,Female,No Union,13,1.5,0,2.Likely,2.Worse,Yes
642,55,6.Prod'n,49,13,Male,Yes Union,30,5,0,5.V Unlikely,1.Better,Yes
643,43,3.Tech/Sales,34,12,Female,No Union,12,6,1,1.V Likely,3.No Effect,Yes
644,40,4.Admin,50,14,Female,No Union,20,10,0,1.V Likely,3.No Effect,No
645,40,7.Laborer,49,4,Male,Yes Union,31,22.08,0,4.Unlikely,3.No Effect,Yes
646,40,7.Laborer,37,12,Female,No Union,10,2.66,0,4.Unlikely,3.No Effect,No
647,48,3.Tech/Sales,39,16,Male,Yes Union,18,9,0,5.V Unlikely,2.Worse,No
648,44,4.Admin,23,12,Female,No Union,6,2.5,0,5.V Unlikely,3.No Effect,Yes
649,50,4.Admin,55,12,Female,No Union,30,30,3,2.Likely,2.Worse,No
650,55,1.Manag,43,16,Male,No Union,27,5,2,4.Unlikely,1.Better,No
651,56,7.Laborer,43,12,Male,No Union,27,0.25,0,1.V Likely,3.No Effect,No
652,38,1.Manag,50,16,Female,No Union,14,1,0,5.V Unlikely,3.No Effect,No
653,56,2.Prof'nal,43,18,Male,No Union,26,5.5,0,2.Likely,3.No Effect,Yes
654,50,3.Tech/Sales,49,17,Male,No Union,32,1.5,0,5.V Unlikely,3.No Effect,Yes
655,50,2.Prof'nal,63,20,Male,No Union,45,25,2,5.V Unlikely,3.No Effect,Yes
656,40,1.Manag,51,13,Female,No Union,30,24,4,2.Likely,1.Better,No
657,40,1.Manag,38,16,Female,No Union,6,6,4,1.V Likely,3.No Effect,Yes
658,32,4.Admin,58,13,Female,No Union,37,5,0,4.Unlikely,1.Better,No
659,50,6.Prod'n,54,14,Male,No Union,37,5,0,4.Unlikely,1.Better,No
660,60,3.Tech/Sales,38,16,Male,No Union,20,2.66,0,5.V Unlikely,3.No Effect,Yes
661,40,4.Admin,35,12,Female,No Union,10,2.5,3,1.V Likely,3.No Effect,Yes
662,43,1.Manag,34,16,Male,No Union,12,5.5,1,4.Unlikely,1.Better,Yes
663,52,6.Prod'n,34,12,Male,No Union,16,13,2,5.V Unlikely,1.Better,Yes
664,40,4.Admin,27,16,Female,No Union,10,5,4,1.V Likely,3.No Effect,No
665,46,7.Laborer,23,12,Male,Yes Union,6,1.41,0,2.Likely,1.Better,No
666,50,1.Manag,62,11,Male,No Union,45,52.25,4,4.Unlikely,3.No Effect,No
667,76,5.Service,41,13,Male,Yes Union,24,27.16,4,1.V Likely,3.No Effect,No
668,38,7.Laborer,26,15,Male,No Union,9,0.5,1,1.V Likely,3.No Effect,No
669,42,3.Tech/Sales,36,18,Female,No Union,19,1,0,1.V Likely,3.No Effect,Yes
670,48,3.Tech/Sales,37,16,Male,No Union,19,19,4,1.V Likely,1.Better,Yes
671,40,1.Manag,39,12,Female,No Union,20,10,0,4.Unlikely,2.Worse,Yes
672,40,6.Prod'n,56,13,Male,Yes Union,34,1.83,0,2.Likely,1.Better,No
673,40,5.Service,30,14,Male,No Union,14,6,0,5.V Unlikely,1.Better,Yes
674,65,1.Manag,36,14,Female,No Union,19,6,0,5.V Unlikely,3.No Effect,Yes
675,40,4.Admin,32,12,Female,No Union,11,10,0,4.Unlikely,3.No Effect,Yes
676,50,7.Laborer,44,13,Male,Yes Union,25,15,0,5.V Unlikely,1.Better,No
677,80,4.Admin,48,14,Male,No Union,31,9,1,5.V Unlikely,3.No Effect,No
678,40,1.Manag,39,16,Male,No Union,17,16,1,2.Likely,3.No Effect,Yes
679,45,2.Prof'nal,31,20,Female,No Union,14,1,0,4.Unlikely,2.Worse,Yes
680,60,1.Manag,39,16,Male,No Union,20,3.25,0,5.V Unlikely,3.No Effect,Yes
681,40,1.Manag,62,15,Male,No Union,45,27,2,5.V Unlikely,1.Better,No
682,72,6.Prod'n,21,12,Male,No Union,5,1.08,0,5.V Unlikely,3.No Effect,No
683,40,1.Manag,62,14,Male,No Union,45,1.91,2,2.Likely,2.Worse,No
684,45,3.Tech/Sales,34,12,Male,No Union,17,2.08,1,2.Likely,3.No Effect,Yes
685,40,7.Laborer,35,11,Male,Yes Union,16,13,0,4.Unlikely,3.No Effect,Yes
686,45,7.Laborer,41,12,Male,Yes Union,22,0.25,0,1.V Likely,3.No Effect,No
687,50,2.Prof'nal,45,16,Female,No Union,21,20,3,4.Unlikely,1.Better,No
688,40,7.Laborer,54,10,Male,No Union,33,33,2,5.V Unlikely,3.No Effect,No
689,40,6.Prod'n,51,16,Male,No Union,34,6,1,2.Likely,1.Better,No
690,40,1.Manag,52,14,Male,No Union,35,31.91,3,2.Likely,1.Better,No
691,60,6.Prod'n,29,13,Male,No Union,13,5,1,1.V Likely,1.Better,No
692,40,4.Admin,44,18,Female,Yes Union,24,22,0,5.V Unlikely,2.Worse,No
693,50,1.Manag,40,16,Male,No Union,20,6,1,5.V Unlikely,1.Better,Yes
694,40,2.Prof'nal,41,18,Female,No Union,24,0.25,0,1.V Likely,3.No Effect,No
695,45,2.Prof'nal,31,12,Male,No Union,14,0.66,0,1.V Likely,1.Better,Yes
696,37,4.Admin,38,17,Female,No Union,20,5,0,5.V Unlikely,3.No Effect,Yes
697,46,1.Manag,43,12,Female,No Union,28,14,1,5.V Unlikely,3.No Effect,No
698,40,6.Prod'n,40,14,Male,No Union,22,15,1,5.V Unlikely,3.No Effect,Yes
699,40,1.Manag,41,19,Female,Yes Union,26,4,0,4.Unlikely,3.No Effect,No
700,48,3.Tech/Sales,64,12,Male,No Union,48,29,3,5.V Unlikely,3.No Effect,No
701,51,2.Prof'nal,40,13,Female,No Union,23,17,0,5.V Unlikely,2.Worse,Yes
702,40,7.Laborer,52,8,Male,No Union,35,20,2,5.V Unlikely,1.Better,No
703,40,4.Admin,41,13,Female,No Union,15,4,0,2.Likely,3.No Effect,No
704,40,6.Prod'n,38,12,Male,Yes Union,20,11,3,5.V Unlikely,1.Better,Yes
705,40,1.Manag,38,16,Female,No Union,6,6,4,1.V Likely,3.No Effect,Yes
706,32,4.Admin,58,13,Female,No Union,37,5,0,4.Unlikely,1.Better,No
707,50,6.Prod'n,54,14,Male,No Union,37,5,0,4.Unlikely,1.Better,No
708,60,3.Tech/Sales,38,16,Male,No Union,20,2.66,0,5.V Unlikely,3.No Effect,Yes
709,40,4.Admin,35,12,Female,No Union,10,2.5,3,1.V Likely,3.No Effect,Yes
710,43,1.Manag,34,16,Male,No Union,12,5.5,1,4.Unlikely,1.Better,Yes
711,52,6.Prod'n,34,12,Male,No Union,16,13,2,5.V Unlikely,1.Better,Yes
712,40,4.Admin,27,16,Female,No Union,10,5,4,1.V Likely,3.No Effect,No
713,46,7.Laborer,23,12,Male,Yes Union,6,1.41,0,2.Likely,1.Better,No
714,50,1.Manag,62,11,Male,No Union,45,52.25,4,4.Unlikely,3.No Effect,No
715,76,5.Service,41,13,Male,Yes Union,24,27.16,4,1.V Likely,3.No Effect,No
716,38,7.Laborer,26,15,Male,No Union,9,0.5,1,1.V Likely,3.No Effect,No
717,42,3.Tech/Sales,36,18,Female,No Union,19,1,0,1.V Likely,3.No Effect,Yes
718,43,3.Tech/Sales,37,16,Male,No Union,19,19,4,1.V Likely,1.Better,Yes
719,40,1.Manag,39,12,Female,No Union,20,10,0,4.Unlikely,2.Worse,Yes
720,40,6.Prod'n,56,13,Male,Yes Union,34,1.83,0,2.Likely,1.Better,No
721,40,5.Service,30,14,Male,No Union,14,6,0,5.V Unlikely,1.Better,Yes
722,65,1.Manag,36,14,Female,No Union,19,6,0,5.V Unlikely,3.No Effect,Yes
723,40,4.Admin,32,12,Female,No Union,11,10,0,4.Unlikely,3.No Effect,Yes
724,50,7.Laborer,44,13,Male,Yes Union,25,15,0,5.V Unlikely,1.Better,No
725,80,4.Admin,48,14,Male,No Union,31,9,1,5.V Unlikely,3.No Effect,No
726,40,1.Manag,39,16,Male,No Union,17,16,1,2.Likely,3.No Effect,Yes
727,45,2.Prof'nal,31,20,Female,No Union,14,1,0,4.Unlikely,2.Worse,Yes
728,60,1.Manag,39,16,Male,No Union,20,3.25,0,5.V Unlikely,3.No Effect,Yes
729,40,1.Manag,62,15,Male,No Union,45,27,2,5.V Unlikely,1.Better,No
730,72,6.Prod'n,21,12,Male,No Union,5,1.08,0,5.V Unlikely,3.No Effect,No
731,40,1.Manag,62,14,Male,No Union,45,1.91,2,2.Likely,2.Worse,No
732,32,4.Admin,58,13,Female,No Union,37,5,0,4.Unlikely,1.Better,No
733,45,4.Admin,40,13,Female,No Union,20,7,1,2.Likely,1.Better,No
734,40,7.Laborer,37,12,Female,No Union,10,2.66,0,4.Unlikely,3.No Effect,No
735,46,3.Tech/Sales,39,16,Male,Yes Union,18,9,0,5.V Unlikely,2.Worse,No
736,44,4.Admin,23,12,Female,No Union,6,2.5,0,5.V Unlikely,3.No Effect,Yes
737,50,4.Admin,55,12,Female,No Union,30,30,3,2.Likely,2.Worse,No
738,55,1.Manag,43,16,Male,No Union,27,5,2,4.Unlikely,1.Better,No
739,56,7.Laborer,43,12,Male,No Union,27,0.25,0,1.V Likely,3.No Effect,No
740,38,1.Manag,50,16,Female,No Union,14,1,0,5.V Unlikely,3.No Effect,No
741,56,2.Prof'nal,43,18,Male,No Union,26,5.5,0,2.Likely,3.No Effect,Yes
742,50,3.Tech/Sales,49,17,Male,No Union,32,1.5,0,5.V Unlikely,3.No Effect,Yes
743,32,1.Manag,57,12,Male,No Union,38,34,0,5.V Unlikely,3.No Effect,No
744,54,2.Prof'nal,43,18,Male,No Union,27,13,2,1.V Likely,1.Better,No
745,40,4.Admin,25,16,Male,No Union,7,1,1,1.V Likely,1.Better,Yes
746,50,7.Laborer,20,11,Male,No Union,3,1,3,1.V Likely,1.Better,Yes
747,64,3.Tech/Sales,37,13,Female,No Union,20,3,0,4.Unlikely,2.Worse,Yes
748,49,4.Admin,24,12,Female,No Union,7,5,1,1.V Likely,2.Worse,Yes
749,30,6.Prod'n,33,10,Male,No Union,17,5,0,2.Likely,1.Better,Yes
750,55,3.Tech/Sales,30,16,Male,No Union,14,5,1,2.Likely,1.Better,Yes
751,50,5.Service,43,13,Male,No Union,27,12,2,1.V Likely,3.No Effect,No
752,40,4.Admin,56,16,Female,No Union,36,30,3,1.V Likely,1.Better,Yes
753,40,6.Prod'n,35,15,Male,No Union,18,0.5,0,2.Likely,1.Better,Yes
754,40,4.Admin,35,16,Male,No Union,15,0.75,2,1.V Likely,1.Better,Yes
755,40,2.Prof'nal,42,16,Female,No Union,25,5.5,0,5.V Unlikely,3.No Effect,Yes
756,48,1.Manag,34,12,Female,No Union,18,3,0,4.Unlikely,3.No Effect,Yes
757,42,4.Admin,50,14,Female,No Union,33,3.5,1,2.Likely,1.Better,Yes
758,50,3.Tech/Sales,34,12,Female,No Union,15,8,2,2.Likely,2.Worse,No
759,45,5.Service,41,13,Male,No Union,24,2,0,5.V Unlikely,1.Better,No
760,40,2.Prof'nal,44,16,Female,No Union,9,5.5,0,5.V Unlikely,3.No Effect,No
761,47,3.Tech/Sales,27,17,Female,No Union,11,7,0,2.Likely,1.Better,Yes
762,40,6.Prod'n,40,13,Male,No Union,23,10,1,1.V Likely,3.No Effect,No
763,32,2.Prof'nal,33,16,Female,Yes Union,12,2.58,0,4.Unlikely,2.Worse,No
764,50,1.Manag,38,19,Male,No Union,19,15,4,1.V Likely,1.Better,No
765,89,3.Tech/Sales,41,15,Male,Yes Union,23,1,0,4.Unlikely,3.No Effect,No
766,40,4.Admin,32,12,Male,No Union,16,0.16,0,2.Likely,3.No Effect,No
767,48,1.Manag,58,14,Male,No Union,42,36,4,5.V Unlikely,1.Better,Yes
768,40,2.Prof'nal,28,16,Female,No Union,7,12.33,1,1.V Likely,2.Worse,Yes
769,45,7.Laborer,18,12,Male,No Union,1,1,0,2.Likely,1.Better,Yes
770,40,2.Prof'nal,33,16,Female,No Union,14,3,0,5.V Unlikely,2.Worse,No
771,38,3.Tech/Sales,34,9,Female,No Union,18,1.5,1,2.Likely,3.No Effect,No
772,40,1.Manag,48,17,Female,No Union,22,6,2,4.Unlikely,2.Worse,Yes
773,40,5.Service,21,14,Female,No Union,3,0.66,0,3.Not sure,3.No Effect,No
774,40,1.Manag,26,16,Female,No Union,13,3.5,1,3.Not sure,3.No Effect,Yes
775,40,7.Laborer,57,11,Female,No Union,45,15,2,4.Unlikely,3.No Effect,No
776,40,4.Admin,20,12,Female,No Union,3,1.5,0,2.Likely,1.Better,No
777,28,2.Prof'nal,49,19,Female,No Union,25,1,3,1.V Likely,2.Worse,No
778,40,2.Prof'nal,39,14,Male,No Union,18,10,1,1.V Likely,1.Better,Yes
779,40,6.Prod'n,41,14,Male,No Union,21,11,1,3.Not sure,1.Better,No
780,55,3.Tech/Sales,37,15,Male,No Union,20,5,0,4.Unlikely,3.No Effect,Yes
781,50,2.Prof'nal,63,20,Male,No Union,45,25,2,5.V Unlikely,3.No Effect,Yes
782,40,1.Manag,51,13,Female,No Union,30,24,4,2.Likely,1.Better,No
783,40,1.Manag,38,16,Female,No Union,6,6,4,1.V Likely,3.No Effect,Yes
784,32,4.Admin,58,13,Female,No Union,37,5,0,4.Unlikely,1.Better,No
785,45,4.Admin,40,13,Female,No Union,20,7,1,2.Likely,1.Better,No
786,40,1.Manag,38,16,Female,No Union,6,6,4,1.V Likely,3.No Effect,Yes
787,32,4.Admin,58,13,Female,No Union,37,5,0,4.Unlikely,1.Better,No
788,50,6.Prod'n,54,14,Male,No Union,37,5,0,4.Unlikely,1.Better,No
789,60,3.Tech/Sales,38,16,Male,No Union,20,2.66,0,5.V Unlikely,3.No Effect,Yes
790,40,4.Admin,35,12,Female,No Union,10,2.5,3,1.V Likely,3.No Effect,Yes
791,43,1.Manag,34,16,Male,No Union,12,5.5,1,4.Unlikely,1.Better,Yes
792,52,6.Prod'n,34,12,Male,No Union,16,13,2,5.V Unlikely,1.Better,Yes
793,40,4.Admin,27,16,Female,No Union,10,5,4,1.V Likely,3.No Effect,No
794,46,7.Laborer,23,12,Male,Yes Union,6,1.41,0,2.Likely,1.Better,No
795,50,1.Manag,62,11,Male,No Union,45,52.25,4,4.Unlikely,3.No Effect,No
796,76,5.Service,41,13,Male,Yes Union,24,27.16,4,1.V Likely,3.No Effect,No
797,38,7.Laborer,26,15,Male,No Union,9,0.5,1,1.V Likely,3.No Effect,No
798,48,3.Tech/Sales,36,18,Female,No Union,19,1,0,1.V Likely,3.No Effect,Yes
799,57,3.Tech/Sales,37,16,Male,No Union,19,19,4,1.V Likely,1.Better,Yes
800,40,1.Manag,39,12,Female,No Union,20,10,0,4.Unlikely,2.Worse,Yes
801,40,6.Prod'n,56,13,Male,Yes Union,34,1.83,0,2.Likely,1.Better,No
802,40,5.Service,30,14,Male,No Union,14,6,0,5.V Unlikely,1.Better,Yes
803,65,1.Manag,36,14,Female,No Union,19,6,0,5.V Unlikely,3.No Effect,Yes
804,40,4.Admin,32,12,Female,No Union,11,10,0,4.Unlikely,3.No Effect,Yes
805,50,7.Laborer,44,13,Male,Yes Union,25,15,0,5.V Unlikely,1.Better,No
806,80,4.Admin,48,14,Male,No Union,31,9,1,5.V Unlikely,3.No Effect,No
807,40,1.Manag,39,16,Male,No Union,17,16,1,2.Likely,3.No Effect,Yes
808,45,2.Prof'nal,31,20,Female,No Union,14,1,0,4.Unlikely,2.Worse,Yes
809,60,1.Manag,39,16,Male,No Union,20,3.25,0,5.V Unlikely,3.No Effect,Yes
810,40,1.Manag,62,15,Male,No Union,45,27,2,5.V Unlikely,1.Better,No
811,72,6.Prod'n,21,12,Male,No Union,5,1.08,0,5.V Unlikely,3.No Effect,No
812,40,1.Manag,62,14,Male,No Union,45,1.91,2,2.Likely,2.Worse,No
813,32,4.Admin,58,13,Female,No Union,37,5,0,4.Unlikely,1.Better,No
814,45,4.Admin,40,13,Female,No Union,20,7,1,2.Likely,1.Better,No
815,40,7.Laborer,37,12,Female,No Union,10,2.66,0,4.Unlikely,3.No Effect,No
816,55,3.Tech/Sales,39,16,Male,Yes Union,18,9,0,5.V Unlikely,2.Worse,No
817,44,4.Admin,23,12,Female,No Union,6,2.5,0,5.V Unlikely,3.No Effect,Yes
818,50,4.Admin,55,12,Female,No Union,30,30,3,2.Likely,2.Worse,No
819,55,1.Manag,43,16,Male,No Union,27,5,2,4.Unlikely,1.Better,No
820,56,7.Laborer,43,12,Male,No Union,27,0.25,0,1.V Likely,3.No Effect,No
821,38,1.Manag,50,16,Female,No Union,14,1,0,5.V Unlikely,3.No Effect,No
822,56,2.Prof'nal,43,18,Male,No Union,26,5.5,0,2.Likely,3.No Effect,Yes
823,50,3.Tech/Sales,49,17,Male,No Union,32,1.5,0,5.V Unlikely,3.No Effect,Yes
824,32,1.Manag,57,12,Male,No Union,38,34,0,5.V Unlikely,3.No Effect,No
825,54,2.Prof'nal,43,18,Male,No Union,27,13,2,1.V Likely,1.Better,No
826,40,4.Admin,25,16,Male,No Union,7,1,1,1.V Likely,1.Better,Yes
827,50,7.Laborer,20,11,Male,No Union,3,1,3,1.V Likely,1.Better,Yes
828,64,3.Tech/Sales,37,13,Female,No Union,20,3,0,4.Unlikely,2.Worse,Yes
829,49,4.Admin,24,12,Female,No Union,7,5,1,1.V Likely,2.Worse,Yes
830,30,6.Prod'n,33,10,Male,No Union,17,5,0,2.Likely,1.Better,Yes
831,55,3.Tech/Sales,30,16,Male,No Union,14,5,1,2.Likely,1.Better,Yes
832,50,5.Service,43,13,Male,No Union,27,12,2,1.V Likely,3.No Effect,No
833,48,3.Tech/Sales,61,12,Female,No Union,20,0.75,0,5.V Unlikely,3.No Effect,No
834,40,1.Manag,59,16,Male,No Union,43,1.5,1,2.Likely,3.No Effect,Yes
835,40,4.Admin,25,16,Male,No Union,7,1,1,1.V Likely,1.Better,Yes
836,50,7.Laborer,20,11,Male,No Union,3,1,3,1.V Likely,1.Better,Yes
837,64,3.Tech/Sales,37,13,Female,No Union,20,3,0,4.Unlikely,2.Worse,Yes
838,49,4.Admin,24,12,Female,No Union,7,5,1,1.V Likely,2.Worse,Yes
839,30,6.Prod'n,33,10,Male,No Union,17,5,0,2.Likely,1.Better,Yes
840,55,3.Tech/Sales,30,16,Male,No Union,14,5,1,2.Likely,1.Better,Yes
841,50,5.Service,43,13,Male,No Union,27,12,2,1.V Likely,3.No Effect,No
842,40,4.Admin,56,16,Female,No Union,36,30,3,1.V Likely,1.Better,Yes
843,40,6.Prod'n,35,15,Male,No Union,18,0.5,0,2.Likely,1.Better,Yes
844,40,4.Admin,35,16,Male,No Union,15,0.75,2,1.V Likely,1.Better,Yes
845,40,2.Prof'nal,42,16,Female,No Union,25,5.5,0,5.V Unlikely,3.No Effect,Yes
846,48,1.Manag,34,12,Female,No Union,18,3,0,4.Unlikely,3.No Effect,Yes
847,42,4.Admin,50,14,Female,No Union,33,3.5,1,2.Likely,1.Better,Yes
848,50,3.Tech/Sales,34,12,Female,No Union,15,8,2,2.Likely,2.Worse,No
849,45,5.Service,41,13,Male,No Union,24,2,0,5.V Unlikely,1.Better,No
850,40,2.Prof'nal,44,16,Female,No Union,9,5.5,0,5.V Unlikely,3.No Effect,No
851,45,3.Tech/Sales,27,17,Female,No Union,11,7,0,2.Likely,1.Better,Yes
852,40,6.Prod'n,40,13,Male,No Union,23,10,1,1.V Likely,3.No Effect,No
853,32,2.Prof'nal,33,16,Female,Yes Union,12,2.58,0,4.Unlikely,2.Worse,No
854,50,1.Manag,38,19,Male,No Union,19,15,4,1.V Likely,1.Better,No
855,89,3.Tech/Sales,41,15,Male,Yes Union,23,1,0,4.Unlikely,3.No Effect,No
856,40,4.Admin,32,12,Male,No Union,16,0.16,0,2.Likely,3.No Effect,No
857,48,1.Manag,58,14,Male,No Union,42,36,4,5.V Unlikely,1.Better,Yes
858,40,2.Prof'nal,28,16,Female,No Union,7,12.33,1,1.V Likely,2.Worse,Yes
859,45,7.Laborer,18,12,Male,No Union,1,1,0,2.Likely,1.Better,Yes
860,40,2.Prof'nal,33,16,Female,No Union,14,3,0,5.V Unlikely,2.Worse,No
861,38,3.Tech/Sales,34,9,Female,No Union,18,1.5,1,2.Likely,3.No Effect,No
862,40,1.Manag,48,17,Female,No Union,22,6,2,4.Unlikely,2.Worse,Yes
863,40,5.Service,21,14,Female,No Union,3,0.66,0,3.Not sure,3.No Effect,No
864,40,1.Manag,26,16,Female,No Union,13,3.5,1,3.Not sure,3.No Effect,Yes
865,40,1.Manag,39,18,Male,No Union,23,3,0,5.V Unlikely,3.No Effect,No
866,45,3.Tech/Sales,34,12,Male,No Union,17,2.08,1,2.Likely,3.No Effect,Yes
867,40,7.Laborer,35,11,Male,Yes Union,16,13,0,4.Unlikely,3.No Effect,Yes
868,45,7.Laborer,41,12,Male,Yes Union,22,0.25,0,1.V Likely,3.No Effect,No
869,50,2.Prof'nal,45,16,Female,No Union,21,20,3,4.Unlikely,1.Better,No
870,40,7.Laborer,54,10,Male,No Union,33,33,2,5.V Unlikely,3.No Effect,No
871,40,6.Prod'n,51,16,Male,No Union,34,6,1,2.Likely,1.Better,No
872,40,1.Manag,52,14,Male,No Union,35,31.91,3,2.Likely,1.Better,No
873,60,6.Prod'n,29,13,Male,No Union,13,5,1,1.V Likely,1.Better,No
874,40,4.Admin,44,18,Female,Yes Union,24,22,0,5.V Unlikely,2.Worse,No
875,50,1.Manag,40,16,Male,No Union,20,6,1,5.V Unlikely,1.Better,Yes
876,40,2.Prof'nal,41,18,Female,No Union,24,0.25,0,1.V Likely,3.No Effect,No
877,45,2.Prof'nal,31,12,Male,No Union,14,0.66,0,1.V Likely,1.Better,Yes
878,37,4.Admin,38,17,Female,No Union,20,5,0,5.V Unlikely,3.No Effect,Yes
879,46,1.Manag,43,12,Female,No Union,28,14,1,5.V Unlikely,3.No Effect,No
880,40,6.Prod'n,40,14,Male,No Union,22,15,1,5.V Unlikely,3.No Effect,Yes
881,40,1.Manag,41,19,Female,Yes Union,26,4,0,4.Unlikely,3.No Effect,No
882,48,3.Tech/Sales,64,12,Male,No Union,48,29,3,5.V Unlikely,3.No Effect,No
883,51,2.Prof'nal,40,13,Female,No Union,23,17,0,5.V Unlikely,2.Worse,Yes
884,40,7.Laborer,52,8,Male,No Union,35,20,2,5.V Unlikely,1.Better,No
885,40,4.Admin,41,13,Female,No Union,15,4,0,2.Likely,3.No Effect,No
886,40,6.Prod'n,38,12,Male,Yes Union,20,11,3,5.V Unlikely,1.Better,Yes
887,29,4.Admin,69,12,Female,No Union,27,25,3,3.Not sure,1.Better,No
888,40,2.Prof'nal,26,18,Female,Yes Union,10,1,0,4.Unlikely,3.No Effect,No
889,45,3.Tech/Sales,26,14,Male,No Union,9,1.5,1,1.V Likely,1.Better,No
890,40,1.Manag,45,12,Male,No Union,28,0.58,1,4.Unlikely,1.Better,No
891,40,2.Prof'nal,26,16,Female,No Union,9,8,3,2.Likely,3.No Effect,No
892,55,1.Manag,33,14,Male,No Union,16,7,4,4.Unlikely,3.No Effect,Yes
893,32,5.Service,38,12,Female,No Union,19,3.5,1,3.Not sure,3.No Effect,Yes
894,40,6.Prod'n,36,14,Male,No Union,20,18,2,2.Likely,1.Better,Yes
895,60,3.Tech/Sales,36,16,Male,No Union,12,5,0,5.V Unlikely,3.No Effect,Yes
896,36,1.Manag,45,13,Female,No Union,25,21,4,2.Likely,2.Worse,No
897,50,7.Laborer,45,12,Male,Yes Union,29,17,2,2.Likely,1.Better,No
898,40,5.Service,34,14,Female,No Union,16,4,1,2.Likely,3.No Effect,Yes
899,40,1.Manag,51,13,Female,No Union,30,24,4,2.Likely,1.Better,No
900,40,1.Manag,38,16,Female,No Union,6,6,4,1.V Likely,3.No Effect,Yes
901,32,4.Admin,58,13,Female,No Union,37,5,0,4.Unlikely,1.Better,No
902,50,6.Prod'n,54,14,Male,No Union,37,5,0,4.Unlikely,1.Better,No
903,32,1.Manag,57,12,Male,No Union,38,34,0,5.V Unlikely,3.No Effect,No
904,54,2.Prof'nal,43,18,Male,No Union,27,13,2,1.V Likely,1.Better,No
905,45,4.Admin,40,13,Female,No Union,20,7,1,2.Likely,1.Better,No
906,40,1.Manag,45,16,Female,Yes Union,25,4,0,2.Likely,1.Better,Yes
907,50,7.Laborer,54,14,Male,No Union,38,27,2,5.V Unlikely,3.No Effect,No
908,40,1.Manag,43,13,Male,No Union,26,26,0,5.V Unlikely,3.No Effect,Yes
909,35,7.Laborer,48,16,Female,No Union,27,3,0,5.V Unlikely,2.Worse,Yes
910,40,2.Prof'nal,44,16,Male,No Union,27,2,0,4.Unlikely,3.No Effect,No
911,40,7.Laborer,57,11,Female,No Union,45,15,2,4.Unlikely,3.No Effect,No
912,40,4.Admin,20,12,Female,No Union,3,1.5,0,2.Likely,1.Better,No
913,28,2.Prof'nal,49,19,Female,No Union,25,1,3,1.V Likely,2.Worse,No
914,40,2.Prof'nal,39,14,Male,No Union,18,10,1,1.V Likely,1.Better,Yes
915,40,6.Prod'n,41,14,Male,No Union,21,11,1,3.Not sure,1.Better,No
916,44,3.Tech/Sales,37,15,Male,No Union,20,5,0,4.Unlikely,3.No Effect,Yes
917,40,4.Admin,65,13,Female,No Union,22,13,1,5.V Unlikely,3.No Effect,No
918,40,2.Prof'nal,50,18,Male,Yes Union,33,23,3,2.Likely,2.Worse,No
919,34,2.Prof'nal,57,16,Female,No Union,14,11,0,5.V Unlikely,3.No Effect,No
920,40,4.Admin,48,12,Male,Yes Union,32,25,1,5.V Unlikely,2.Worse,No
921,50,2.Prof'nal,53,19,Male,No Union,35,11,0,5.V Unlikely,1.Better,No
922,60,2.Prof'nal,52,16,Female,No Union,32,18,0,5.V Unlikely,3.No Effect,No
923,52,2.Prof'nal,38,14,Male,No Union,19,1.5,1,2.Likely,1.Better,Yes
924,45,3.Tech/Sales,33,16,Female,No Union,9,1,0,4.Unlikely,2.Worse,Yes
925,45,2.Prof'nal,63,16,Male,No Union,35,32,0,3.Not sure,3.No Effect,No
926,40,1.Manag,51,16,Female,No Union,25,23,1,5.V Unlikely,3.No Effect,No
927,38,1.Manag,43,15,Female,No Union,5,3,0,4.Unlikely,3.No Effect,No
928,40,6.Prod'n,44,12,Male,Yes Union,27,20,4,4.Unlikely,3.No Effect,No
929,50,7.Laborer,30,12,Male,No Union,12,8,2,1.V Likely,1.Better,Yes
930,42,3.Tech/Sales,42,12,Female,No Union,10,6,1,4.Unlikely,3.No Effect,No
931,40,7.Laborer,62,8,Male,No Union,45,17,0,5.V Unlikely,3.No Effect,No
932,60,2.Prof'nal,38,18,Male,Yes Union,27,12,0,4.Unlikely,3.No Effect,Yes
933,40,5.Service,54,12,Female,No Union,23,23,0,5.V Unlikely,3.No Effect,No
934,40,6.Prod'n,52,12,Male,No Union,35,27,0,5.V Unlikely,1.Better,No
935,48,7.Laborer,38,12,Male,Yes Union,21,18,1,5.V Unlikely,3.No Effect,Yes
936,44,6.Prod'n,55,12,Male,Yes Union,35,14,0,4.Unlikely,1.Better,No
937,60,2.Prof'nal,43,15,Male,No Union,26,17,0,1.V Likely,2.Worse,No
938,73,1.Manag,25,14,Male,No Union,8,2.5,0,5.V Unlikely,3.No Effect,No
939,48,7.Laborer,36,11,Female,No Union,11,10,0,5.V Unlikely,3.No Effect,Yes
940,40,6.Prod'n,53,12,Male,No Union,42,22,0,5.V Unlikely,3.No Effect,No
941,60,7.Laborer,28,16,Female,No Union,12,7,0,2.Likely,3.No Effect,No
942,40,6.Prod'n,32,14,Male,Yes Union,16,1,0,1.V Likely,3.No Effect,Yes
943,60,3.Tech/Sales,40,12,Male,No Union,23,11.25,0,3.Not sure,3.No Effect,Yes
944,42,3.Tech/Sales,57,12,Female,No Union,34,29.25,0,5.V Unlikely,2.Worse,No
945,32,7.Laborer,27,12,Female,No Union,8,5,1,5.V Unlikely,3.No Effect,No
946,50,2.Prof'nal,45,16,Female,No Union,21,20,3,4.Unlikely,1.Better,No
947,40,7.Laborer,54,10,Male,No Union,33,33,2,5.V Unlikely,3.No Effect,No
948,40,6.Prod'n,51,16,Male,No Union,34,6,1,2.Likely,1.Better,No
949,40,1.Manag,52,14,Male,No Union,35,31.91,3,2.Likely,1.Better,No
950,60,6.Prod'n,29,13,Male,No Union,13,5,1,1.V Likely,1.Better,No
951,40,4.Admin,44,18,Female,Yes Union,24,22,0,5.V Unlikely,2.Worse,No
952,50,1.Manag,40,16,Male,No Union,20,6,1,5.V Unlikely,1.Better,Yes
953,40,2.Prof'nal,41,18,Female,No Union,24,0.25,0,1.V Likely,3.No Effect,No
954,45,2.Prof'nal,31,12,Male,No Union,14,0.66,0,1.V Likely,1.Better,Yes
955,37,4.Admin,38,17,Female,No Union,20,5,0,5.V Unlikely,3.No Effect,Yes
956,46,1.Manag,43,12,Female,No Union,28,14,1,5.V Unlikely,3.No Effect,No
957,40,6.Prod'n,40,14,Male,No Union,22,15,1,5.V Unlikely,3.No Effect,Yes
958,40,1.Manag,41,19,Female,Yes Union,26,4,0,4.Unlikely,3.No Effect,No
959,48,3.Tech/Sales,64,12,Male,No Union,48,29,3,5.V Unlikely,3.No Effect,No
960,51,2.Prof'nal,40,13,Female,No Union,23,17,0,5.V Unlikely,2.Worse,Yes
961,40,7.Laborer,52,8,Male,No Union,35,20,2,5.V Unlikely,1.Better,No
962,40,4.Admin,41,13,Female,No Union,15,4,0,2.Likely,3.No Effect,No
963,40,6.Prod'n,38,12,Male,Yes Union,20,11,3,5.V Unlikely,1.Better,Yes
964,40,1.Manag,38,16,Female,No Union,6,6,4,1.V Likely,3.No Effect,Yes
965,32,4.Admin,58,13,Female,No Union,37,5,0,4.Unlikely,1.Better,No
966,50,6.Prod'n,54,14,Male,No Union,37,5,0,4.Unlikely,1.Better,No
967,60,3.Tech/Sales,38,16,Male,No Union,20,2.66,0,5.V Unlikely,3.No Effect,Yes
968,40,4.Admin,35,12,Female,No Union,10,2.5,3,1.V Likely,3.No Effect,Yes
969,43,1.Manag,34,16,Male,No Union,12,5.5,1,4.Unlikely,1.Better,Yes
970,52,6.Prod'n,34,12,Male,No Union,16,13,2,5.V Unlikely,1.Better,Yes
971,40,4.Admin,27,16,Female,No Union,10,5,4,1.V Likely,3.No Effect,No
972,46,7.Laborer,23,12,Male,Yes Union,6,1.41,0,2.Likely,1.Better,No
973,50,1.Manag,62,11,Male,No Union,45,52.25,4,4.Unlikely,3.No Effect,No
974,76,5.Service,41,13,Male,Yes Union,24,27.16,4,1.V Likely,3.No Effect,No
975,38,7.Laborer,26,15,Male,No Union,9,0.5,1,1.V Likely,3.No Effect,No
976,42,3.Tech/Sales,36,18,Female,No Union,19,1,0,1.V Likely,3.No Effect,Yes
977,55,3.Tech/Sales,37,16,Male,No Union,19,19,4,1.V Likely,1.Better,Yes
978,40,1.Manag,39,12,Female,No Union,20,10,0,4.Unlikely,2.Worse,Yes
979,40,6.Prod'n,56,13,Male,Yes Union,34,1.83,0,2.Likely,1.Better,No
980,37,4.Admin,38,17,Female,No Union,20,5,0,5.V Unlikely,3.No Effect,Yes
981,46,1.Manag,43,12,Female,No Union,28,14,1,5.V Unlikely,3.No Effect,No
982,40,6.Prod'n,40,14,Male,No Union,22,15,1,5.V Unlikely,3.No Effect,Yes
983,40,1.Manag,41,19,Female,Yes Union,26,4,0,4.Unlikely,3.No Effect,No
984,48,3.Tech/Sales,64,12,Male,No Union,48,29,3,5.V Unlikely,3.No Effect,No
985,51,2.Prof'nal,40,13,Female,No Union,23,17,0,5.V Unlikely,2.Worse,Yes
986,40,7.Laborer,52,8,Male,No Union,35,20,2,5.V Unlikely,1.Better,No
987,40,4.Admin,41,13,Female,No Union,15,4,0,2.Likely,3.No Effect,No
988,40,6.Prod'n,38,12,Male,Yes Union,20,11,3,5.V Unlikely,1.Better,Yes
989,40,1.Manag,38,16,Female,No Union,6,6,4,1.V Likely,3.No Effect,Yes
990,32,4.Admin,58,13,Female,No Union,37,5,0,4.Unlikely,1.Better,No
991,50,6.Prod'n,54,14,Male,No Union,37,5,0,4.Unlikely,1.Better,No
992,60,3.Tech/Sales,38,16,Male,No Union,20,2.66,0,5.V Unlikely,3.No Effect,Yes
993,56,2.Prof'nal,24,16,Female,No Union,9,2,0,1.V Likely,1.Better,Yes
994,48,7.Laborer,33,12,Female,Yes Union,16,14,1,5.V Unlikely,2.Worse,No
995,40,4.Admin,61,12,Female,No Union,25,17,1,4.Unlikely,3.No Effect,No
996,40,7.Laborer,37,12,Female,No Union,10,2.66,0,4.Unlikely,3.No Effect,No
997,60,3.Tech/Sales,39,16,Male,Yes Union,18,9,0,5.V Unlikely,2.Worse,No
998,44,4.Admin,23,12,Female,No Union,6,2.5,0,5.V Unlikely,3.No Effect,Yes
999,50,4.Admin,55,12,Female,No Union,30,30,3,2.Likely,2.Worse,No
1000,55,1.Manag,43,16,Male,No Union,27,5,2,4.Unlikely,1.Better,No
